epoch,loss,seconds
1,1.01833439,9.6
2,0.96140849,18.8
3,0.86845831,28.0
4,0.71110372,37.2
5,0.54892172,46.4
6,0.49170691,55.5
7,0.46459322,64.7
8,0.44719317,73.9
9,0.43239070,83.1
10,0.42561969,92.2
11,0.42607449,101.3
12,0.41710439,110.5
13,0.42246097,119.6
14,0.40137044,128.8
15,0.39731092,137.9
16,0.40526407,147.1
17,0.37792468,156.2
18,0.39786308,165.4
19,0.38497594,174.5
20,0.38483232,183.6
21,0.36240271,192.8
22,0.36319427,201.9
23,0.36817688,211.0
24,0.36582274,220.1
25,0.34674348,229.3
26,0.35457947,238.4
27,0.33555086,247.5
28,0.36236464,256.6
29,0.31069595,265.8
30,0.31218293,274.9
31,0.30603669,284.1
32,0.30637774,293.2
33,0.27725791,302.4
34,0.26150819,311.5
35,0.30488156,320.7
36,0.27956277,329.8
37,0.24760980,339.0
38,0.26662982,348.1
39,0.25600811,357.2
40,0.27544104,366.3
41,0.24508105,375.4
42,0.21319597,384.6
43,0.19687619,393.7
44,0.19275859,402.8
45,0.21347779,412.0
46,0.18884361,421.1
47,0.19084134,430.2
48,0.18368743,439.3
49,0.17860331,448.4
50,0.17077246,457.6
51,0.16458532,466.8
52,0.19216158,475.9
53,0.17073317,485.0
54,0.16180654,494.1
55,0.15981260,503.2
56,0.15376184,512.3
57,0.14306176,521.4
58,0.14536462,530.6
59,0.14241183,539.7
60,0.14295381,548.8
61,0.13723413,557.9
62,0.14763479,567.0
63,0.13290229,576.1
64,0.13363508,585.2
65,0.12644993,594.3
66,0.13034744,603.4
67,0.13537536,612.5
68,0.12982125,621.6
69,0.12195731,630.7
70,0.12952840,639.8
71,0.12486705,648.9
72,0.13002752,658.0
73,0.11892350,667.1
74,0.12238151,676.2
75,0.12144366,685.3
76,0.12296338,694.4
77,0.12065227,703.5
78,0.11560521,712.6
79,0.11280632,721.7
80,0.11672833,730.9
81,0.11287691,740.0
82,0.11278487,749.1
83,0.11420471,758.3
84,0.11061651,767.4
85,0.11300175,776.5
86,0.11313222,785.6
87,0.11299929,794.7
88,0.11234263,803.8
89,0.11030714,812.9
90,0.11282801,822.1
91,0.10961667,831.2
92,0.11166193,840.3
93,0.10737048,849.4
94,0.10865648,858.6
95,0.11159406,867.7
96,0.10917388,876.7
97,0.10641181,885.8
98,0.10870606,895.0
99,0.10469747,904.1
100,0.10807279,913.2
101,0.10549714,922.3
102,0.10874837,931.4
103,0.10554888,940.6
104,0.10633234,949.7
105,0.10491347,958.8
106,0.10339372,967.9
107,0.10289793,977.0
108,0.10442185,986.2
109,0.10382112,995.3
110,0.10196576,1004.4
111,0.10377963,1013.5
112,0.10319233,1022.6
113,0.10408406,1031.7
114,0.10435586,1040.8
115,0.10030085,1050.0
116,0.10431710,1059.1
117,0.10370229,1068.2
118,0.10371385,1077.3
119,0.10466058,1086.4
120,0.10140627,1095.6
121,0.10131653,1104.7
122,0.10119968,1113.8
123,0.10149098,1122.9
124,0.10179536,1132.0
125,0.09916881,1141.1
126,0.10099977,1150.2
127,0.10095580,1159.3
128,0.10048601,1168.5
129,0.09972144,1177.6
130,0.09987293,1186.7
131,0.09932447,1195.8
132,0.09787504,1204.9
133,0.09802793,1214.0
134,0.09723523,1223.1
135,0.09698871,1232.3
136,0.09855968,1241.4
137,0.09935359,1250.5
138,0.09904098,1259.6
139,0.09892142,1268.7
140,0.09726746,1277.8
141,0.09596786,1286.9
142,0.09932069,1296.0
143,0.09563367,1305.1
144,0.09695162,1314.2
145,0.09702567,1323.4
146,0.09972547,1332.4
147,0.09585604,1341.5
148,0.09659737,1350.6
149,0.09508505,1359.8
150,0.09468755,1368.9
151,0.09611865,1378.0
152,0.09543563,1387.1
153,0.09568805,1396.3
154,0.09369338,1405.4
155,0.09490028,1414.5
156,0.09508767,1423.6
157,0.09608566,1432.8
158,0.09321078,1441.9
159,0.09390599,1451.0
160,0.09420638,1460.1
161,0.09389138,4845.9
162,0.09262338,4855.1
163,0.09394730,4864.2
164,0.09329303,4873.3
165,0.09407932,4882.6
166,0.09275389,4891.8
167,0.09223701,4901.0
168,0.09136458,4910.2
169,0.09348993,4919.4
170,0.09161480,4928.5
171,0.09079562,4937.6
172,0.09019737,4946.8
173,0.09004183,4955.9
174,0.09183619,4965.0
175,0.09073192,4974.2
176,0.08958803,4983.3
177,0.08982594,4992.5
178,0.09141451,5001.6
179,0.08980095,5010.7
180,0.08974510,5019.8
181,0.08816342,5028.9
182,0.08958690,5038.1
183,0.08764107,5047.3
184,0.09191578,5056.4
185,0.09238912,5065.5
186,0.09107536,5074.6
187,0.09192105,5083.7
188,0.09127155,5092.8
189,0.08699234,5101.9
190,0.08742413,5111.1
191,0.08805242,5120.2
192,0.08682251,5129.3
193,0.08552750,5138.5
194,0.08408923,5147.6
195,0.08345156,5156.8
196,0.08489636,5165.9
197,0.08176167,5175.0
198,0.08368848,5184.2
199,0.08067362,5193.2
200,0.07985788,5202.4
201,0.08143250,5211.5
202,0.08298571,5220.6
203,0.08157134,5229.7
204,0.08091230,5238.8
205,0.07980108,5247.9
206,0.08002023,5257.0
207,0.07700815,5266.1
208,0.07802620,5275.2
209,0.07944962,5284.3
210,0.07672520,5293.4
211,0.07752892,5302.5
212,0.07818540,5311.6
213,0.07723815,5320.7
214,0.07447552,5329.8
215,0.07340959,5338.9
216,0.07514835,5348.0
217,0.07322768,5357.1
218,0.07193170,5366.2
219,0.07383839,5375.3
220,0.07105457,5384.4
221,0.07110226,5393.6
222,0.07103640,5402.7
223,0.07018444,5411.8
224,0.07076404,5420.9
225,0.07135838,5430.0
226,0.07033990,5439.1
227,0.06952819,5448.2
228,0.06873550,5457.3
229,0.06804605,5466.4
230,0.06798081,5475.5
231,0.06933184,5484.7
232,0.06951871,5493.7
233,0.06735981,5502.8
234,0.06717292,5511.9
235,0.06558425,5521.1
236,0.06658049,5530.2
237,0.06754727,5539.3
238,0.06574563,5548.4
239,0.06366594,5557.5
240,0.06425163,5566.6
241,0.06351921,5575.7
242,0.06463532,5584.8
243,0.06376426,5593.9
244,0.06252210,5603.0
245,0.06201713,5612.1
246,0.06152537,5621.3
247,0.06134079,5630.4
248,0.06107054,5639.5
249,0.05975269,5648.6
250,0.06063892,5657.8
251,0.06069439,5666.9
252,0.05949926,5676.0
253,0.05834365,5685.2
254,0.05801976,5694.3
255,0.05940910,5703.4
256,0.05875897,5712.5
257,0.05778538,5721.6
258,0.05668211,5730.8
259,0.05620314,5739.9
260,0.05573537,5749.1
261,0.05701748,5758.2
262,0.05514672,5767.3
263,0.05504713,5776.4
264,0.05555852,5785.6
265,0.05454364,5794.6
266,0.05370922,5803.8
267,0.05408748,5812.9
268,0.05397087,5822.0
269,0.05278130,5831.1
270,0.05423007,5840.2
271,0.05270147,5849.4
272,0.05281958,5858.5
273,0.05230380,5867.6
274,0.05293780,5876.7
275,0.05116807,5885.9
276,0.05199988,5895.0
277,0.05043067,5904.1
278,0.05247167,5913.2
279,0.05083659,5922.3
280,0.04997461,5931.4
281,0.05114490,5940.5
282,0.05047617,5949.6
283,0.04995807,5958.7
284,0.04960569,5967.9
285,0.05018604,5977.0
286,0.04957561,5986.1
287,0.05034869,5995.2
288,0.04823329,6004.3
289,0.04949056,6013.4
290,0.04795568,6022.5
291,0.04832437,6031.7
292,0.04856327,6040.8
293,0.04803649,6049.9
294,0.04809813,6059.0
295,0.04798130,6068.1
296,0.04664393,6077.2
297,0.04716443,6086.3
298,0.04719726,6095.4
299,0.04590832,6104.5
300,0.04732438,6113.7
301,0.04638640,6122.8
302,0.04748479,6131.8
303,0.04683891,6140.9
304,0.04564614,6150.0
305,0.04559842,6159.1
306,0.04559929,6168.3
307,0.04495022,6177.3
308,0.04663764,6186.5
309,0.04517319,6195.6
310,0.04597344,6204.7
311,0.04417891,6213.8
312,0.04331576,6222.9
313,0.04476327,6232.0
314,0.04459355,6241.1
315,0.04266712,6250.2
316,0.04323683,6259.3
317,0.04210300,6268.4
318,0.04661902,6277.5
319,0.04267068,6286.6
320,0.04197205,6295.7
321,0.04127319,6304.9
322,0.04398067,6314.0
323,0.04233763,6323.1
324,0.04201624,6332.1
325,0.04315609,6341.3
326,0.04039514,6350.3
327,0.04039363,6359.5
328,0.04100763,6368.6
329,0.04138779,6377.7
330,0.04261855,6386.8
331,0.03965354,6395.9
332,0.03949688,6405.0
333,0.03925757,6414.1
334,0.04017743,6423.2
335,0.04004756,6432.3
336,0.03978964,6441.4
337,0.03916664,6450.5
338,0.03948963,6459.6
339,0.03952072,6468.7
340,0.04074008,6477.8
341,0.03839789,6486.9
342,0.03772519,6496.0
343,0.03927361,6505.1
344,0.03689386,6514.2
345,0.03744136,6523.4
346,0.04123170,6532.5
347,0.03833334,6541.5
348,0.03776587,6550.6
349,0.03787032,6559.7
350,0.03808974,6568.8
351,0.03563417,6577.9
352,0.03676200,6587.0
353,0.03587505,6596.1
354,0.03659384,6605.2
355,0.03760687,6614.3
356,0.03662415,6623.4
357,0.03716981,6632.5
358,0.03513495,6641.6
359,0.03488730,6650.7
360,0.03792820,6659.8
361,0.03562363,6668.9
362,0.03636647,6678.0
363,0.03873276,6687.1
364,0.03451597,6696.2
365,0.03582828,6705.3
366,0.03459713,6714.5
367,0.03408597,6723.5
368,0.03355165,6732.7
369,0.03650700,6741.8
370,0.03406896,6750.9
371,0.03445426,6760.0
372,0.03276887,6769.1
373,0.03317503,6778.2
374,0.03500683,6787.3
375,0.03371244,6796.4
376,0.03389346,6805.5
377,0.03341817,6814.6
378,0.03320055,6823.7
379,0.03370864,6832.8
380,0.03312034,6841.9
381,0.03264422,6851.0
382,0.03308645,6860.1
383,0.03755454,6869.2
384,0.03254180,6878.3
385,0.03227313,6887.4
386,0.03183089,6896.6
387,0.03174464,6905.8
388,0.03106574,6914.9
389,0.03063108,6924.1
390,0.03197222,6933.2
391,0.03240345,6942.3
392,0.03102758,6951.4
393,0.03649840,6960.5
394,0.03030424,6969.6
395,0.03056785,6978.8
396,0.03061012,6987.9
397,0.03169152,6997.0
398,0.03157303,7006.0
399,0.02955379,7015.2
400,0.03024972,7024.3
401,0.03005206,7033.4
402,0.03061439,7042.5
403,0.02999877,7051.6
404,0.02959174,7060.7
405,0.02997892,7069.8
406,0.02866299,7078.9
407,0.02881852,7088.0
408,0.02895056,7097.1
409,0.02833472,7106.2
410,0.02990237,7115.4
411,0.02995971,7124.5
412,0.02831637,7133.6
413,0.02753570,7142.7
414,0.02866578,7151.8
415,0.02914727,7160.9
416,0.02894906,7170.1
417,0.02773686,7179.1
418,0.02786531,7188.2
419,0.03125684,7197.4
420,0.02773517,7206.5
421,0.02788357,7215.6
422,0.02898733,7224.7
423,0.03055904,7233.8
424,0.02646939,7242.9
425,0.02833506,7252.1
426,0.02630797,7261.1
427,0.02895766,7270.3
428,0.02928293,7279.4
429,0.02862403,7288.5
430,0.02695211,7297.6
431,0.02757309,7306.7
432,0.02819770,7315.8
433,0.02673941,7324.9
434,0.02542471,7334.0
435,0.02634609,7343.1
436,0.02584800,7352.2
437,0.02531631,7361.3
438,0.02611179,7370.4
439,0.03139432,7379.6
440,0.02558322,7388.7
441,0.02644598,7397.8
442,0.02744266,7406.9
443,0.02595613,7416.0
444,0.02653522,7425.1
445,0.02615885,7434.2
446,0.02739900,7443.3
447,0.02746978,7452.4
448,0.02448055,7461.5
449,0.02570826,7470.7
450,0.02630564,7479.8
451,0.02523767,7488.9
452,0.02945194,7497.9
453,0.02586861,7507.1
454,0.02479075,7516.2
455,0.02436883,7525.3
456,0.02596327,7534.4
457,0.02547905,7543.5
458,0.02506136,7552.6
459,0.02478350,7561.7
460,0.02373833,7570.8
461,0.02391684,7579.9
462,0.02377507,7589.0
463,0.02473023,7598.1
464,0.02717146,7607.2
465,0.02470523,7616.3
466,0.02489611,7625.4
467,0.02429375,7634.5
468,0.02359456,7643.6
469,0.02555859,7652.7
470,0.02546696,7661.9
471,0.02408475,7671.0
472,0.02439709,7680.0
473,0.02343262,7689.1
474,0.02276282,7698.2
475,0.02368525,7707.4
476,0.02254935,7716.5
477,0.02580796,7725.6
478,0.02422553,7734.7
479,0.02358076,7743.8
480,0.02283385,7752.9
481,0.02456349,7762.0
482,0.02432790,7771.1
483,0.02406537,7780.2
484,0.02186869,7789.3
485,0.02373555,7798.4
486,0.02517562,7807.5
487,0.02230713,7816.7
488,0.02197423,7825.7
489,0.02293997,7834.8
490,0.02422353,7843.9
491,0.02275242,7853.1
492,0.02227851,7862.1
493,0.02375528,7871.2
494,0.02420318,7880.3
495,0.02157098,7889.5
496,0.02124137,7898.6
497,0.02183731,7907.7
498,0.02279322,7916.8
499,0.02151986,7926.0
500,0.02207947,7935.1
501,0.02122516,7944.3
502,0.02047390,7953.4
503,0.02234198,7962.5
504,0.02094625,7971.6
505,0.02272420,7980.8
506,0.01972121,7989.9
507,0.02114554,7999.0
508,0.02098837,8008.1
509,0.01997055,8017.2
510,0.02008018,8026.3
511,0.02027175,8035.4
512,0.02127108,8044.5
513,0.01929472,8053.6
514,0.02168547,8062.7
515,0.02161488,8071.9
516,0.01929894,8080.9
517,0.02080098,8090.0
518,0.01960473,8099.1
519,0.02050748,8108.2
520,0.01961958,8117.3
521,0.01863407,8126.5
522,0.01911843,8135.6
523,0.02025996,8144.7
524,0.02035436,8153.8
525,0.01941306,8162.9
526,0.01885850,8172.0
527,0.01850683,8181.1
528,0.02004940,8190.2
529,0.01841330,8199.3
530,0.02010064,8208.5
531,0.01869302,8217.6
532,0.01873100,8226.7
533,0.01893620,8235.8
534,0.01912339,8244.9
535,0.01911662,8254.0
536,0.01755964,8263.1
537,0.01788286,8272.3
538,0.01784545,8281.4
539,0.01801746,8290.5
540,0.01864256,8299.5
541,0.01697771,8308.6
542,0.01755011,8317.8
543,0.01681720,8326.9
544,0.01679561,8336.0
545,0.01842694,8345.1
546,0.01773534,8354.2
547,0.01723870,8363.4
548,0.01708381,8372.5
549,0.01802186,8381.6
550,0.01721081,8390.7
551,0.01697988,8399.8
552,0.02033342,8408.9
553,0.01733887,8418.0
554,0.01757952,8427.0
555,0.01674629,8436.2
556,0.01777991,8445.3
557,0.01629289,8454.4
558,0.01752914,8463.5
559,0.01713479,8472.6
560,0.01655544,8481.7
561,0.01708480,8490.8
562,0.01609605,8499.9
563,0.01609331,8509.1
564,0.01856756,8518.2
565,0.01716199,8527.3
566,0.01758227,8536.4
567,0.01759647,8545.5
568,0.01569911,8554.6
569,0.01569413,8563.7
570,0.01576137,8572.8
571,0.01606644,8582.0
572,0.01547479,8591.1
573,0.01483346,8600.2
574,0.01638074,8609.3
575,0.01603924,8618.5
576,0.01586504,8627.6
577,0.01494489,8636.7
578,0.01585568,8645.8
579,0.01464830,8654.9
580,0.01508242,8664.0
581,0.01424687,8673.1
582,0.01484201,8682.2
583,0.01481665,8691.3
584,0.01558534,8700.5
585,0.01481998,8709.6
586,0.01491660,8718.6
587,0.01450361,8727.7
588,0.01474285,8736.8
589,0.01583993,8745.9
590,0.01458678,8755.0
591,0.01512782,8764.1
592,0.01481011,8773.3
593,0.01507817,8782.4
594,0.01448583,8791.5
595,0.01399954,8800.6
596,0.01408411,8809.7
597,0.01743000,8818.8
598,0.01454977,8827.9
599,0.01469254,8837.0
600,0.01446426,8846.1
601,0.01360367,8855.2
602,0.01376944,8864.4
603,0.01530408,8873.4
604,0.01589886,8882.6
605,0.01411416,8891.7
606,0.01332745,8900.8
607,0.01520661,8909.9
608,0.01455278,8919.0
609,0.01618183,8928.1
610,0.01408250,8937.2
611,0.01414115,8946.3
612,0.01606481,8955.4
613,0.01438756,8964.5
614,0.01287177,8973.6
615,0.01382947,8982.7
616,0.01279762,8991.8
617,0.01309647,9001.0
618,0.01377508,9010.1
619,0.01343137,9019.2
620,0.01277794,9028.2
621,0.01358436,9037.4
622,0.01445543,9046.5
623,0.01338311,9055.6
624,0.01305274,9064.7
625,0.01442152,9073.8
626,0.01215142,9082.9
627,0.01377917,9092.0
628,0.01325788,9101.1
629,0.01267485,9110.3
630,0.01216543,9119.4
631,0.01346697,9128.4
632,0.01299625,9137.5
633,0.01299042,9146.6
634,0.01279175,9155.7
635,0.01233958,9164.8
636,0.01250591,9173.9
637,0.01217028,9183.0
638,0.01133866,9192.1
639,0.01181974,9201.2
640,0.01155964,9210.3
641,0.01170850,9219.4
642,0.01238975,9228.6
643,0.01167876,9237.6
644,0.01149999,9246.7
645,0.01227062,9255.8
646,0.01239349,9264.9
647,0.01134448,9274.0
648,0.01233538,9283.1
649,0.01187854,9292.2
650,0.01111498,9301.3
651,0.01277832,9310.4
652,0.01190196,9319.5
653,0.01194986,9328.6
654,0.01163823,9337.7
655,0.01200170,9346.8
656,0.01230834,9355.9
657,0.01213859,9365.0
658,0.01257689,9374.1
659,0.01185493,9383.2
660,0.01121009,9392.3
661,0.01202518,9401.4
662,0.01070869,9410.5
663,0.01028864,9419.6
664,0.01204570,9428.8
665,0.01048757,9437.9
666,0.01119919,9447.0
667,0.01207061,9456.1
668,0.01048787,9465.2
669,0.01196245,9474.3
670,0.01023932,9483.4
671,0.01172705,9492.6
672,0.01205604,9501.6
673,0.01120637,9510.7
674,0.01020913,9519.8
675,0.01047467,9529.0
676,0.01052148,9538.1
677,0.01018829,9547.2
678,0.01053609,9556.3
679,0.01041430,9565.4
680,0.01182265,9574.5
681,0.01061442,9583.6
682,0.01070816,9592.7
683,0.01051155,9601.9
684,0.00935256,9611.0
685,0.01142806,9620.1
686,0.01060665,9629.2
687,0.00986367,9638.3
688,0.00996866,9647.3
689,0.01032078,9656.4
690,0.00947882,9665.5
691,0.01053413,9674.7
692,0.00984834,9683.8
693,0.01046412,9692.9
694,0.00964171,9701.9
695,0.01015236,9711.0
696,0.00960452,9720.1
697,0.00932236,9729.2
698,0.00988438,9738.3
699,0.01089017,9747.4
700,0.00994848,9756.5
701,0.01029177,9765.6
702,0.00947495,9774.7
703,0.00900310,9783.8
704,0.00979636,9793.0
705,0.01033777,9802.1
706,0.00993929,9811.1
707,0.01019347,9820.2
708,0.00925220,9829.4
709,0.01095466,9838.5
710,0.00998538,9847.6
711,0.00969815,9856.7
712,0.01103804,9865.8
713,0.00923333,9874.9
714,0.01049077,9884.0
715,0.01003823,9893.0
716,0.00918224,9902.2
717,0.00895906,9911.3
718,0.00926799,9920.4
719,0.00992607,9929.5
720,0.00936828,9938.6
721,0.00868525,9947.7
722,0.00871644,9956.8
723,0.01143920,9965.9
724,0.00912083,9975.1
725,0.00857653,9984.2
726,0.00847661,9993.3
727,0.00956095,10002.4
728,0.01077114,10011.5
729,0.00930877,10020.6
730,0.01016862,10029.7
731,0.00962505,10038.8
732,0.00921807,10047.9
733,0.00866296,10057.0
734,0.01083949,10066.1
735,0.00906147,10075.2
736,0.00787281,10084.3
737,0.00766257,10093.5
738,0.01007275,10102.6
739,0.00881663,10111.7
740,0.00878891,10120.8
741,0.00818477,10129.9
742,0.00777634,10139.0
743,0.00931575,10148.1
744,0.00840502,10157.2
745,0.00819735,10166.4
746,0.00922481,10175.4
747,0.00811622,10184.5
748,0.00825926,10193.6
749,0.00782385,10202.7
750,0.00889563,10211.8
751,0.00893995,10221.0
752,0.00797709,10230.1
753,0.00881206,10239.3
754,0.00933080,10248.3
755,0.00741967,10257.4
756,0.00862063,10266.6
757,0.00844833,10275.7
758,0.00856866,10284.8
759,0.01354642,10293.9
760,0.00863602,10302.9
761,0.00838659,10312.1
762,0.00819503,10321.2
763,0.00943558,10330.2
764,0.00879904,10339.3
765,0.00840082,10348.4
766,0.00889215,10357.6
767,0.00735667,10366.7
768,0.00865034,10375.8
769,0.00718645,10384.9
770,0.00698027,10394.0
771,0.00882829,10403.2
772,0.00738354,10412.2
773,0.00861139,10421.3
774,0.00742470,10430.5
775,0.00674238,10439.5
776,0.00776291,10448.7
777,0.00783661,10457.8
778,0.00710218,10466.9
779,0.00827762,10476.0
780,0.00795736,10485.0
781,0.00768122,10494.1
782,0.00777478,10503.3
783,0.00849270,10512.4
784,0.00852775,10521.5
785,0.00765392,10530.6
786,0.00770574,10539.7
787,0.00806257,10548.7
788,0.00857204,10557.8
789,0.00706898,10566.9
790,0.00720767,10576.1
791,0.00745356,10585.2
792,0.00719312,10594.3
793,0.00803008,10603.4
794,0.00745449,10612.5
795,0.00837162,10621.6
796,0.00806580,10630.7
797,0.00704669,10639.8
798,0.00834486,10648.9
799,0.00695012,10658.0
800,0.00986943,10667.1
801,0.00714531,10676.2
802,0.00646451,10685.3
803,0.00639343,10694.4
804,0.00868886,10703.6
805,0.01008871,10712.7
806,0.00649478,10721.8
807,0.00724602,10730.9
808,0.00637254,10740.0
809,0.00708806,10749.2
810,0.00797695,10758.2
811,0.00643127,10767.4
812,0.00889854,10776.5
813,0.00676786,10785.6
814,0.00759936,10794.7
815,0.00689983,10803.8
816,0.00689636,10812.9
817,0.00636658,10822.0
818,0.00643629,10831.1
819,0.00615272,10840.2
820,0.00703480,10849.3
821,0.00773285,10858.5
822,0.00657216,10867.5
823,0.00666608,10876.6
824,0.00795777,10885.7
825,0.00720561,10894.9
826,0.00678780,10903.9
827,0.00610224,10913.0
828,0.00705086,10922.1
829,0.00684124,10931.3
830,0.00725348,10940.3
831,0.00668813,10949.4
832,0.00624392,10958.5
833,0.00697879,10967.6
834,0.00664571,10976.7
835,0.00715892,10985.8
836,0.00671915,10994.9
837,0.00719678,11004.1
838,0.00590304,11013.2
839,0.00609396,11022.3
840,0.00593374,11031.4
841,0.00585643,11040.5
842,0.00608873,11049.6
843,0.00690376,11058.7
844,0.00660732,11067.8
845,0.00631686,11077.0
846,0.00686876,11086.0
847,0.00741325,11095.1
848,0.00697925,11104.2
849,0.00603870,11113.3
850,0.00616274,11122.4
851,0.00737850,11131.5
852,0.00623780,11140.6
853,0.00708145,11149.7
854,0.00613211,11158.8
855,0.00593021,11167.9
856,0.00658422,11177.0
857,0.00694235,11186.1
858,0.00587183,11195.2
859,0.00723826,11204.3
860,0.00684195,11213.4
861,0.00606848,11222.5
862,0.00627590,11231.6
863,0.00562401,11240.7
864,0.00574438,11249.8
865,0.00726030,11258.9
866,0.00593085,11268.0
867,0.00687728,11277.1
868,0.00560095,11286.2
869,0.00589371,11295.4
870,0.00585431,11304.5
871,0.00681676,11313.6
872,0.00534344,11322.7
873,0.00667646,11331.8
874,0.00657952,11340.9
875,0.00506390,11350.0
876,0.00642485,11359.1
877,0.00652806,11368.2
878,0.00605299,11377.3
879,0.00561331,11386.4
880,0.00529188,11395.5
881,0.00760003,11404.6
882,0.00604274,11413.7
883,0.00647642,11422.8
884,0.00558143,11431.9
885,0.00541671,11441.0
886,0.00558562,11450.1
887,0.00591039,11459.2
888,0.00508967,11468.4
889,0.00508298,11477.4
890,0.00709439,11486.5
891,0.00665638,11495.6
892,0.00607673,11504.8
893,0.00579342,11513.8
894,0.00504514,11522.9
895,0.00585359,11532.1
896,0.00576694,11541.2
897,0.00538081,11550.3
898,0.00529694,11559.4
899,0.00644604,11568.4
900,0.00578924,11577.5
901,0.00543867,11586.7
902,0.00537305,11595.8
903,0.00636128,11604.9
904,0.00482728,11613.9
905,0.00575151,11623.1
906,0.00499534,11632.2
907,0.00485878,11641.3
908,0.00551179,11650.4
909,0.00639369,11659.5
910,0.00594704,11668.6
911,0.00581225,11677.7
912,0.00645406,11686.8
913,0.00767343,11695.9
914,0.00576176,11705.0
915,0.00660634,11714.1
916,0.00561198,11723.2
917,0.00646306,11732.3
918,0.00733314,11741.4
919,0.01019518,11750.5
920,0.00502670,11759.5
921,0.00497634,11768.6
922,0.00503671,11777.8
923,0.00542179,11786.8
924,0.00530129,11795.9
925,0.00588515,11805.0
926,0.00553990,11814.1
927,0.00690112,11823.2
928,0.00618197,11832.3
929,0.00510190,11841.4
930,0.00628918,11850.6
931,0.00539123,11859.6
932,0.00494409,11868.7
933,0.00628884,11877.8
934,0.00548121,11886.9
935,0.00494856,11896.0
936,0.00502054,11905.1
937,0.00566502,11914.2
938,0.00554890,11923.3
939,0.00513044,11932.4
940,0.00614586,11941.5
941,0.00502910,11950.6
942,0.00475177,11959.7
943,0.00454574,11968.8
944,0.00544584,11977.9
945,0.00491482,11987.0
946,0.00529974,11996.2
947,0.00532728,12005.3
948,0.00485459,12014.4
949,0.00517930,12023.5
950,0.00505964,12032.6
951,0.00497083,12041.7
952,0.00489976,12050.8
953,0.00460042,12059.8
954,0.00624051,12069.0
955,0.00447196,12078.1
956,0.00526613,12087.2
957,0.00585040,12096.3
958,0.00551378,12105.4
959,0.00546357,12114.5
960,0.00453371,12123.6
961,0.00445453,12132.7
962,0.00475950,12141.8
963,0.00461478,12151.0
964,0.00497944,12160.1
965,0.00494310,12169.1
966,0.00496511,12178.2
967,0.00495137,12187.4
968,0.00528563,12196.4
969,0.00510524,12205.5
970,0.00458953,12214.6
971,0.00523491,12223.7
972,0.00550916,12232.8
973,0.00474771,12241.9
974,0.00464781,12251.0
975,0.00413663,12260.1
976,0.00466935,12269.3
977,0.00493132,12278.3
978,0.00423051,12287.4
979,0.00500957,12296.6
980,0.00566795,12305.7
981,0.00458520,12314.8
982,0.00473530,12323.8
983,0.00453233,12332.9
984,0.00549655,12342.1
985,0.00497082,12351.1
986,0.00414077,12360.2
987,0.00427642,12369.3
988,0.00451989,12378.5
989,0.00433977,12387.5
990,0.00469501,12396.6
991,0.00437871,12405.7
992,0.00521271,12414.9
993,0.00410333,12424.0
994,0.00428400,12433.1
995,0.00528576,12442.2
996,0.00435153,12451.3
997,0.00474426,12460.4
998,0.00440086,12469.5
999,0.00444311,12478.6
1000,0.00485902,12487.7
1001,0.00445789,12496.9
1002,0.00539602,12506.0
1003,0.00473960,12515.1
1004,0.00410736,12524.2
1005,0.00477165,12533.3
1006,0.00400364,12542.4
1007,0.00439898,12551.5
1008,0.00431266,12560.6
1009,0.00407802,12569.7
1010,0.00398742,12578.8
1011,0.00476926,12587.9
1012,0.00468984,12597.0
1013,0.00428915,12606.2
1014,0.00479166,12615.3
1015,0.00446179,12624.4
1016,0.00432692,12633.5
1017,0.00467733,12642.6
1018,0.00488692,12651.7
1019,0.00454376,12660.8
1020,0.00467452,12669.9
1021,0.00396383,12679.0
1022,0.00472520,12688.2
1023,0.00440040,12697.3
1024,0.00394378,12706.4
1025,0.00501173,12715.5
1026,0.00467195,12724.6
1027,0.00450362,12733.7
1028,0.00375956,12742.9
1029,0.00412152,12752.1
1030,0.00387344,12761.1
1031,0.00552132,12770.2
1032,0.00458557,12779.3
1033,0.00388419,12788.5
1034,0.00460084,12797.6
1035,0.00518752,12806.6
1036,0.00443494,12815.8
1037,0.00384556,12824.9
1038,0.00389473,12834.0
1039,0.00425053,12843.1
1040,0.00374907,12852.2
1041,0.00502858,12861.3
1042,0.00387660,12870.4
1043,0.00526762,12879.4
1044,0.00392110,12888.5
1045,0.00373256,12897.7
1046,0.00389164,12906.8
1047,0.00455450,12915.9
1048,0.00411691,12925.0
1049,0.00390817,12934.1
1050,0.00390011,12943.2
1051,0.00387689,12952.3
1052,0.00399071,12961.4
1053,0.00494960,12970.5
1054,0.00364270,12979.6
1055,0.00373367,12988.7
1056,0.00461126,12997.8
1057,0.00386109,13006.9
1058,0.00451324,13016.0
1059,0.00427654,13025.2
1060,0.00390977,13034.2
1061,0.00403088,13043.3
1062,0.00395318,13052.5
1063,0.00401710,13061.6
1064,0.00354273,13070.6
1065,0.00382323,13079.8
1066,0.00453483,13088.9
1067,0.00354024,13098.0
1068,0.00411451,13107.1
1069,0.00369213,13116.2
1070,0.00460300,13125.3
1071,0.00431811,13134.4
1072,0.00399491,13143.5
1073,0.00401967,13152.6
1074,0.00390097,13161.7
1075,0.00412754,13170.9
1076,0.00323580,13180.0
1077,0.00329686,13189.1
1078,0.00359991,13198.2
1079,0.00413944,13207.3
1080,0.00434183,13216.4
1081,0.00340925,13225.5
1082,0.00387764,13234.6
1083,0.00402015,13243.7
1084,0.00325932,13252.8
1085,0.00352708,13261.9
1086,0.00327962,13271.0
1087,0.00341250,13280.1
1088,0.00365407,13289.3
1089,0.00365805,13298.4
1090,0.00351076,13307.4
1091,0.00412522,13316.6
1092,0.00522833,13325.7
1093,0.00319786,13334.8
1094,0.00386882,13343.9
1095,0.00343374,13353.0
1096,0.00457532,13362.2
1097,0.00396963,13371.3
1098,0.00406951,13380.4
1099,0.00339484,13389.5
1100,0.00415498,13398.6
1101,0.00384532,13407.7
1102,0.00373329,13416.8
1103,0.00409312,13425.9
1104,0.00379554,13435.0
1105,0.00357558,13444.1
1106,0.00366150,13453.2
1107,0.00343129,13462.3
1108,0.00421133,13471.4
1109,0.00360454,13480.6
1110,0.00377880,13489.7
1111,0.00376408,13498.8
1112,0.00349982,13507.9
1113,0.00319498,13516.9
1114,0.00326679,13526.1
1115,0.00342545,13535.2
1116,0.00350765,13544.3
1117,0.00393010,13553.4
1118,0.00392955,13562.6
1119,0.00352024,13571.6
1120,0.00353556,13580.7
1121,0.00328436,13589.8
1122,0.00337963,13598.9
1123,0.00387585,13608.0
1124,0.00342905,13617.1
1125,0.00327205,13626.2
1126,0.00352809,13635.3
1127,0.00341975,13644.4
1128,0.00345172,13653.4
1129,0.00310189,13662.5
1130,0.00391609,13671.7
1131,0.00339906,13680.8
1132,0.00340466,13689.8
1133,0.00312640,13698.9
1134,0.00315075,13708.1
1135,0.00335340,13717.2
1136,0.00316374,13726.2
1137,0.00310783,13735.3
1138,0.00368368,13744.5
1139,0.00313632,13753.5
1140,0.00325132,13762.6
1141,0.00365786,13771.7
1142,0.00303706,13780.8
1143,0.00374941,13790.0
1144,0.00356657,13799.0
1145,0.00319674,13808.1
1146,0.00314857,13817.2
1147,0.00327860,13826.4
1148,0.00343318,13835.5
1149,0.00342360,13844.5
1150,0.00322486,13853.6
1151,0.00417157,13862.8
1152,0.00364016,13871.9
1153,0.00288978,13880.9
1154,0.00369970,13890.1
1155,0.00416186,13899.2
1156,0.00399200,13908.3
1157,0.00375719,13917.4
1158,0.00353274,13926.5
1159,0.00309627,13935.5
1160,0.00318245,13944.7
1161,0.00347410,13953.7
1162,0.00330651,13962.9
1163,0.00317685,13972.0
1164,0.00343562,13981.1
1165,0.00343257,13990.2
1166,0.00370700,13999.3
1167,0.00309078,14008.3
1168,0.00391601,14017.5
1169,0.00346321,14026.5
1170,0.00328842,14035.6
1171,0.00295526,14044.7
1172,0.00313886,14053.8
1173,0.00328507,14062.9
1174,0.00355067,14072.0
1175,0.00313198,14081.1
1176,0.00323112,14090.2
1177,0.00351740,14099.4
1178,0.00290297,14108.5
1179,0.00371642,14117.6
1180,0.00287458,14126.6
1181,0.00298850,14135.8
1182,0.00299531,14144.9
1183,0.00268104,14154.0
1184,0.00374196,14163.1
1185,0.00338807,14172.3
1186,0.00324611,14181.4
1187,0.00368255,14190.5
1188,0.00307215,14199.6
1189,0.00326114,14208.7
1190,0.00315546,14217.8
1191,0.00297785,14226.9
1192,0.00359764,14236.0
1193,0.00308546,14245.1
1194,0.00403206,14254.2
1195,0.00318756,14263.3
1196,0.00284244,14272.4
1197,0.00325166,14281.4
1198,0.00397926,14290.5
1199,0.00319087,14299.6
1200,0.00303500,14308.7
1201,0.00314375,14317.9
1202,0.00313626,14327.0
1203,0.00323099,14336.0
1204,0.00333572,14345.1
1205,0.00339231,14354.2
1206,0.00303982,14363.3
1207,0.00442722,14372.4
1208,0.00273845,14381.5
1209,0.00304706,14390.6
1210,0.00292905,14399.7
1211,0.00327177,14408.8
1212,0.00358778,14417.9
1213,0.00289627,14427.0
1214,0.00305811,14436.2
1215,0.00373810,14445.3
1216,0.00295601,14454.3
1217,0.00295607,14463.4
1218,0.00275018,14472.6
1219,0.00348310,14481.7
1220,0.00287843,14490.8
1221,0.00327154,14499.9
1222,0.00300482,14509.0
1223,0.00356812,14518.1
1224,0.00327087,14527.2
1225,0.00260123,14536.2
1226,0.00276843,14545.4
1227,0.00345331,14554.5
1228,0.00302329,14563.6
1229,0.00292469,14572.7
1230,0.00323729,14581.8
1231,0.00275385,14590.9
1232,0.00329154,14600.0
1233,0.00251467,14609.1
1234,0.00348474,14618.2
1235,0.00286836,14627.4
1236,0.00286611,14636.5
1237,0.00351069,14645.5
1238,0.00314115,14654.6
1239,0.00305169,14663.8
1240,0.00286118,14672.9
1241,0.00287664,14682.0
1242,0.00322251,14691.0
1243,0.00274999,14700.2
1244,0.00256005,14709.3
1245,0.00352884,14718.4
1246,0.00254014,14727.5
1247,0.00311358,14736.6
1248,0.00319779,14745.7
1249,0.00314609,14754.8
1250,0.00375326,14763.9
1251,0.00272815,14773.1
1252,0.00287395,14782.2
1253,0.00274471,14791.3
1254,0.00282910,14800.4
1255,0.00288488,14809.5
1256,0.00314604,14818.6
1257,0.00308780,14827.7
1258,0.00356015,14836.8
1259,0.00241082,14845.9
1260,0.00279600,14855.1
1261,0.00328440,14864.2
1262,0.00315645,14873.3
1263,0.00314053,14882.4
1264,0.00335765,14891.5
1265,0.00271360,14900.6
1266,0.00293552,14909.7
1267,0.00311036,14918.8
1268,0.00228375,14927.9
1269,0.00307064,14937.0
1270,0.00256537,14946.2
1271,0.00311090,14955.2
1272,0.00234370,14964.4
1273,0.00294475,14973.5
1274,0.00294408,14982.6
1275,0.00302688,14991.7
1276,0.00294729,15000.8
1277,0.00312302,15009.9
1278,0.00439222,15019.0
1279,0.00287323,15028.1
1280,0.00269462,15037.3
1281,0.00327233,15046.4
1282,0.00244150,15055.5
1283,0.00242449,15064.6
1284,0.00273274,15073.7
1285,0.00331098,15082.8
1286,0.00304492,15091.9
1287,0.00259907,15101.0
1288,0.00287739,15110.2
1289,0.00347913,15119.3
1290,0.00276939,15128.4
1291,0.00247575,15137.5
1292,0.00329780,15146.6
1293,0.00304129,15155.7
1294,0.00256016,15164.8
1295,0.00250644,15173.9
1296,0.00354647,15183.0
1297,0.00286742,15192.1
1298,0.00292776,15201.2
1299,0.00278361,15210.3
1300,0.00352245,15219.4
1301,0.00241457,15228.5
1302,0.00263473,15237.6
1303,0.00239660,15246.7
1304,0.00284466,15255.8
1305,0.00292422,15265.0
1306,0.00293547,15274.1
1307,0.00295685,15283.1
1308,0.00428309,15292.3
1309,0.00295494,15301.4
1310,0.00325271,15310.5
1311,0.00328166,15319.6
1312,0.00255317,15328.7
1313,0.00321037,15337.8
1314,0.00297034,15346.9
1315,0.00230315,15356.0
1316,0.00312160,15365.2
1317,0.00244450,15374.3
1318,0.00242626,15383.4
1319,0.00236095,15392.5
1320,0.00349619,15401.6
1321,0.00264762,15410.7
1322,0.00253175,15419.9
1323,0.00261942,15429.0
1324,0.00310053,15438.1
1325,0.00239740,15447.2
1326,0.00219147,15456.3
1327,0.00239362,15465.4
1328,0.00289612,15474.5
1329,0.00303551,15483.6
1330,0.00292830,15492.7
1331,0.00276829,15501.9
1332,0.00238421,15511.0
1333,0.00258715,15520.1
1334,0.00267163,15529.2
1335,0.00293635,15538.3
1336,0.00253777,15547.4
1337,0.00271020,15556.5
1338,0.00209552,15565.6
1339,0.00228273,15574.7
1340,0.00279748,15583.8
1341,0.00248439,15592.9
1342,0.00295775,15602.0
1343,0.00289204,15611.1
1344,0.00231747,15620.2
1345,0.00287431,15629.3
1346,0.00236272,15638.4
1347,0.00263158,15647.6
1348,0.00264101,15656.7
1349,0.00277240,15665.8
1350,0.00241189,15674.9
1351,0.00212937,15684.0
1352,0.00273133,15693.1
1353,0.00254596,15702.2
1354,0.00240458,15711.3
1355,0.00268601,15720.5
1356,0.00236558,15729.5
1357,0.00218124,15738.6
1358,0.00277941,15747.7
1359,0.00289347,15756.9
1360,0.00328328,15766.0
1361,0.00347468,15775.1
1362,0.00247471,15784.2
1363,0.00272081,15793.3
1364,0.00253556,15802.4
1365,0.00259766,15811.5
1366,0.00282650,15820.6
1367,0.00253302,15829.7
1368,0.00294932,15838.8
1369,0.00319239,15848.0
1370,0.00226393,15857.0
1371,0.00239061,15866.1
1372,0.00263515,15875.2
1373,0.00280263,15884.3
1374,0.00318245,15893.4
1375,0.00272617,15902.5
1376,0.00245622,15911.6
1377,0.00258714,15920.8
1378,0.00275637,15929.9
1379,0.00220405,15939.0
1380,0.00251334,15948.1
1381,0.00272184,15957.2
1382,0.00347289,15966.3
1383,0.00231337,15975.3
1384,0.00246700,15984.4
1385,0.00217829,15993.6
1386,0.00252185,16002.7
1387,0.00254687,16011.8
1388,0.00245857,16020.9
1389,0.00389683,16030.0
1390,0.00294816,16039.1
1391,0.00258055,16048.2
1392,0.00254092,16057.3
1393,0.00264951,16066.4
1394,0.00276443,16075.5
1395,0.00248874,16084.6
1396,0.00238873,16093.7
1397,0.00296256,16102.8
1398,0.00260797,16112.0
1399,0.00257593,16121.1
1400,0.00265281,16130.2
1401,0.00239000,16139.3
1402,0.00278488,16148.4
1403,0.00261824,16157.5
1404,0.00240829,16166.6
1405,0.00268695,16175.7
1406,0.00250000,16184.8
1407,0.00274780,16193.9
1408,0.00274176,16203.0
1409,0.00296205,16212.1
1410,0.00298989,16221.2
1411,0.00227242,16230.4
1412,0.00262237,16239.5
1413,0.00236693,16248.6
1414,0.00226233,16257.6
1415,0.00224510,16266.8
1416,0.00226662,16275.9
1417,0.00246401,16285.0
1418,0.00213568,16294.1
1419,0.00212462,16303.2
1420,0.00191208,16312.3
1421,0.00244923,16321.4
1422,0.00241481,16330.5
1423,0.00304117,16339.6
1424,0.00234958,16348.7
1425,0.00248729,16357.8
1426,0.00215816,16366.9
1427,0.00218357,16376.0
1428,0.00257363,16385.1
1429,0.00250783,16394.2
1430,0.00233333,16403.3
1431,0.00217470,16412.4
1432,0.00288673,16421.5
1433,0.00246902,16430.6
1434,0.00271665,16439.7
1435,0.00287045,16448.8
1436,0.00251383,16457.9
1437,0.00232053,16467.1
1438,0.00192361,16476.1
1439,0.00231242,16485.2
1440,0.00215258,16494.4
1441,0.00236254,16503.5
1442,0.00213799,16512.6
1443,0.00229473,16521.7
1444,0.00261801,16530.8
1445,0.00227786,16539.9
1446,0.00248248,16549.0
1447,0.00211419,16558.1
1448,0.00244015,16567.3
1449,0.00246175,16576.4
1450,0.00198480,16585.5
1451,0.00236768,16594.6
1452,0.00261323,16603.7
1453,0.00242406,16612.8
1454,0.00217309,16621.9
1455,0.00229805,16631.0
1456,0.00237552,16640.1
1457,0.00241640,16649.2
1458,0.00205425,16658.3
1459,0.00264692,16667.4
1460,0.00226452,16676.5
1461,0.00223258,16685.6
1462,0.00219244,16694.7
1463,0.00217854,16703.8
1464,0.00200999,16712.9
1465,0.00217785,16722.1
1466,0.00292092,16731.1
1467,0.00242354,16740.2
1468,0.00242504,16749.4
1469,0.00241873,16758.5
1470,0.00210273,16767.6
1471,0.00221235,16776.7
1472,0.00241497,16785.8
1473,0.00229890,16794.9
1474,0.00275324,16804.0
1475,0.00220199,16813.1
1476,0.00210799,16822.2
1477,0.00236710,16831.3
1478,0.00238682,16840.4
1479,0.00224511,16849.5
1480,0.00242369,16858.6
1481,0.00233558,16867.8
1482,0.00198723,16876.9
1483,0.00208727,16885.9
1484,0.00259514,16895.1
1485,0.00220539,16904.2
1486,0.00221097,16913.3
1487,0.00271839,16922.4
1488,0.00192628,16931.5
1489,0.00221746,16940.6
1490,0.00246075,16949.7
1491,0.00225553,16958.8
1492,0.00275832,16967.9
1493,0.00193528,16977.0
1494,0.00207578,16986.1
1495,0.00193609,16995.2
1496,0.00222415,17004.3
1497,0.00220185,17013.5
1498,0.00219083,17022.6
1499,0.00223100,17031.7
1500,0.00264474,17040.8
1501,0.00210073,17050.0
1502,0.00208349,17059.1
1503,0.00227720,17068.2
1504,0.00219604,17077.3
1505,0.00239035,17086.4
1506,0.00229797,17095.6
1507,0.00215538,17104.7
1508,0.00235111,17113.8
1509,0.00244345,17122.8
1510,0.00252991,17132.0
1511,0.00281868,17141.1
1512,0.00227369,17150.2
1513,0.00199630,17159.3
1514,0.00202012,17168.4
1515,0.00217322,17177.5
1516,0.00195270,17186.6
1517,0.00218534,17195.7
1518,0.00269511,17204.8
1519,0.00228149,17213.9
1520,0.00198545,17223.0
1521,0.00187590,17232.1
1522,0.00188218,17241.2
1523,0.00232915,17250.3
1524,0.00205129,17259.4
1525,0.00264294,17268.5
1526,0.00197762,17277.6
1527,0.00227778,17286.7
1528,0.00203997,17295.8
1529,0.00189332,17304.9
1530,0.00204131,17314.0
1531,0.00190066,17323.1
1532,0.00169189,17332.2
1533,0.00229443,17341.3
1534,0.00211753,17350.4
1535,0.00190042,17359.6
1536,0.00221720,17368.7
1537,0.00230721,17377.7
1538,0.00188185,17386.9
1539,0.00200551,17396.0
1540,0.00196910,17405.1
1541,0.00216679,17414.2
1542,0.00231838,17423.3
1543,0.00212038,17432.4
1544,0.00242837,17441.5
1545,0.00178117,17450.6
1546,0.00210321,17459.7
1547,0.00219176,17468.8
1548,0.00191313,17477.9
1549,0.00218041,17487.0
1550,0.00294440,17496.1
1551,0.00234903,17505.1
1552,0.00201448,17514.3
1553,0.00236195,17523.3
1554,0.00279583,17532.4
1555,0.00238326,17541.6
1556,0.00239764,17550.7
1557,0.00251546,17559.8
1558,0.00180369,17568.9
1559,0.00211867,17578.0
1560,0.00201206,17587.1
1561,0.00192974,17596.2
1562,0.00185182,17605.3
1563,0.00196748,17614.4
1564,0.00240481,17623.6
1565,0.00223608,17632.6
1566,0.00203060,17641.7
1567,0.00207834,17650.8
1568,0.00206078,17660.0
1569,0.00183747,17669.1
1570,0.00227230,17678.2
1571,0.00227307,17687.3
1572,0.00194646,17696.4
1573,0.00194524,17705.5
1574,0.00241813,17714.6
1575,0.00260308,17723.7
1576,0.00189437,17732.9
1577,0.00178272,17742.0
1578,0.00211146,17751.1
1579,0.00232211,17760.2
1580,0.00233333,17769.3
1581,0.00178305,17778.4
1582,0.00221880,17787.5
1583,0.00171888,17796.6
1584,0.00279170,17805.7
1585,0.00169056,17814.8
1586,0.00214512,17823.9
1587,0.00216669,17833.0
1588,0.00209819,17842.1
1589,0.00226372,17851.2
1590,0.00236150,17860.3
1591,0.00212875,17869.4
1592,0.00170879,17878.5
1593,0.00219594,17887.7
1594,0.00206599,17896.7
1595,0.00184997,17905.9
1596,0.00228078,17914.9
1597,0.00219752,17924.1
1598,0.00228377,17933.2
1599,0.00174545,17942.3
1600,0.00238611,17951.4
1601,0.00163771,17960.5
1602,0.00168345,17969.6
1603,0.00175454,17978.7
1604,0.00167360,17987.8
1605,0.00180638,17996.9
1606,0.00249643,18006.1
1607,0.00204478,18015.1
1608,0.00214042,18024.2
1609,0.00203299,18033.4
1610,0.00203352,18042.5
1611,0.00207170,18051.6
1612,0.00172237,18060.6
1613,0.00178803,18069.7
1614,0.00204188,18078.9
1615,0.00202652,18088.0
1616,0.00243444,18097.1
1617,0.00190780,18106.1
1618,0.00184601,18115.3
1619,0.00190471,18124.4
1620,0.00204265,18133.4
1621,0.00209157,18142.5
1622,0.00234506,18151.7
1623,0.00229127,18160.8
1624,0.00183439,18169.9
1625,0.00194585,18179.0
1626,0.00189733,18188.1
1627,0.00187217,18197.2
1628,0.00193546,18206.3
1629,0.00185542,18215.4
1630,0.00201893,18224.5
1631,0.00181552,18233.6
1632,0.00178683,18242.7
1633,0.00219318,18251.8
1634,0.00186106,18260.9
1635,0.00204098,18270.0
1636,0.00185627,18279.1
1637,0.00169885,18288.1
1638,0.00200162,18297.3
1639,0.00194757,18306.4
1640,0.00210848,18315.5
1641,0.00173319,18324.6
1642,0.00218710,18333.7
1643,0.00179202,18342.8
1644,0.00187402,18351.9
1645,0.00156956,18361.0
1646,0.00173316,18370.1
1647,0.00197442,18379.2
1648,0.00213006,18388.3
1649,0.00224714,18397.4
1650,0.00185164,18406.5
1651,0.00190207,18415.6
1652,0.00241243,18424.7
1653,0.00177888,18433.8
1654,0.00250885,18442.9
1655,0.00191820,18452.0
1656,0.00164353,18461.1
1657,0.00191944,18470.2
1658,0.00185626,18479.5
1659,0.00190093,18488.8
1660,0.00181852,18498.0
1661,0.00208329,18507.1
1662,0.00162600,18516.4
1663,0.00197450,18525.7
1664,0.00176798,18534.8
1665,0.00185821,18543.9
1666,0.00184093,18553.0
1667,0.00152122,18562.2
1668,0.00179697,18571.3
1669,0.00175479,18580.4
1670,0.00160341,18589.5
1671,0.00209504,18598.7
1672,0.00225219,18607.8
1673,0.00171981,18616.9
1674,0.00193826,18626.0
1675,0.00195476,18635.1
1676,0.00271217,18644.2
1677,0.00206139,18653.3
1678,0.00163160,18662.4
1679,0.00179589,18671.5
1680,0.00167318,18680.6
1681,0.00225354,18689.7
1682,0.00160473,18698.8
1683,0.00198402,18707.9
1684,0.00202366,18717.0
1685,0.00188657,18726.1
1686,0.00211637,18735.2
1687,0.00205670,18744.3
1688,0.00192199,18753.5
1689,0.00180888,18762.6
1690,0.00184324,18771.7
1691,0.00249257,18780.8
1692,0.00189494,18789.9
1693,0.00165551,18799.0
1694,0.00210516,18808.1
1695,0.00169614,18817.2
1696,0.00212421,18826.3
1697,0.00288566,18835.4
1698,0.00160662,18844.5
1699,0.00187304,18853.6
1700,0.00179824,18862.8
1701,0.00171169,18871.9
1702,0.00168430,18881.0
1703,0.00155891,18890.0
1704,0.00207573,18899.2
1705,0.00190682,18908.3
1706,0.00192881,18917.4
1707,0.00138119,18926.5
1708,0.00168145,18935.6
1709,0.00170877,18944.8
1710,0.00174960,18953.9
1711,0.00186624,18963.0
1712,0.00135542,18972.0
1713,0.00199175,18981.2
1714,0.00219519,18990.3
1715,0.00150508,18999.4
1716,0.00191392,19008.5
1717,0.00162398,19017.6
1718,0.00168097,19026.7
1719,0.00173770,19035.8
1720,0.00225014,19044.9
1721,0.00175244,19054.1
1722,0.00146344,19063.1
1723,0.00173183,19072.2
1724,0.00160690,19081.3
1725,0.00194855,19090.5
1726,0.00200199,19099.6
1727,0.00216501,19108.6
1728,0.00150402,19117.7
1729,0.00162131,19126.9
1730,0.00164594,19136.0
1731,0.00193947,19145.1
1732,0.00174132,19154.1
1733,0.00190054,19163.3
1734,0.00192456,19172.3
1735,0.00165887,19181.4
1736,0.00176360,19190.5
1737,0.00177356,19199.6
1738,0.00176508,19208.8
1739,0.00157336,19217.8
1740,0.00151221,19226.9
1741,0.00229717,19236.0
1742,0.00188666,19245.2
1743,0.00173668,19254.2
1744,0.00280812,19263.3
1745,0.00178061,19272.4
1746,0.00148043,19281.6
1747,0.00173758,19290.6
1748,0.00164430,19299.7
1749,0.00133076,19308.8
1750,0.00218216,19318.0
1751,0.00157552,19327.2
1752,0.00166168,19336.3
1753,0.00148891,19345.4
1754,0.00245276,19354.4
1755,0.00181238,19363.6
1756,0.00157315,19372.7
1757,0.00152627,19381.8
1758,0.00165336,19390.9
1759,0.00212026,19400.0
1760,0.00177146,19409.1
1761,0.00165184,19418.2
1762,0.00178352,19427.3
1763,0.00132289,19436.4
1764,0.00170159,19445.5
1765,0.00203706,19454.6
1766,0.00166187,19463.7
1767,0.00212823,19472.8
1768,0.00146868,19481.9
1769,0.00149217,19491.0
1770,0.00136743,19500.0
1771,0.00204395,19509.2
1772,0.00155188,19518.3
1773,0.00161963,19527.4
1774,0.00150895,19536.5
1775,0.00181242,19545.6
1776,0.00172814,19554.8
1777,0.00164434,19563.9
1778,0.00164656,19573.0
1779,0.00148924,19582.1
1780,0.00149340,19591.2
1781,0.00189435,19600.3
1782,0.00213226,19609.4
1783,0.00175410,19618.5
1784,0.00190898,19627.6
1785,0.00206277,19636.7
1786,0.00164007,19645.8
1787,0.00153357,19654.9
1788,0.00162812,19664.1
1789,0.00169581,19673.2
1790,0.00221374,19682.3
1791,0.00141016,19691.4
1792,0.00182902,19700.5
1793,0.00141681,19709.6
1794,0.00180347,19718.7
1795,0.00158026,19727.8
1796,0.00155131,19736.9
1797,0.00154745,19746.0
1798,0.00176625,19755.1
1799,0.00179949,19764.2
1800,0.00155814,19773.3
1801,0.00151937,19782.4
1802,0.00129117,19791.6
1803,0.00163658,19800.7
1804,0.00156203,19809.8
1805,0.00182842,19818.9
1806,0.00139034,19828.0
1807,0.00133269,19837.1
1808,0.00186611,19846.2
1809,0.00183204,19855.3
1810,0.00198827,19864.4
1811,0.00185676,19873.5
1812,0.00166133,19882.6
1813,0.00137222,19891.7
1814,0.00155888,19900.8
1815,0.00163039,19909.9
1816,0.00161111,19919.0
1817,0.00171744,19928.1
1818,0.00146944,19937.2
1819,0.00177248,19946.3
1820,0.00190914,19955.4
1821,0.00193487,19964.5
1822,0.00162272,19973.6
1823,0.00129444,19982.7
1824,0.00160049,19991.8
1825,0.00153127,20000.9
1826,0.00198925,20010.0
1827,0.00144408,20019.1
1828,0.00178324,20028.2
1829,0.00155049,20037.3
1830,0.00154101,20046.4
1831,0.00173370,20055.5
1832,0.00148511,20064.6
1833,0.00167995,20073.7
1834,0.00162792,20082.8
1835,0.00169279,20091.9
1836,0.00168100,20101.1
1837,0.00188857,20110.2
1838,0.00155117,20119.2
1839,0.00204603,20128.3
1840,0.00170825,20137.5
1841,0.00167435,20146.6
1842,0.00155897,20155.6
1843,0.00155686,20164.7
1844,0.00171669,20173.9
1845,0.00158535,20183.0
1846,0.00170908,20192.0
1847,0.00201213,20201.1
1848,0.00156557,20210.3
1849,0.00165923,20219.3
1850,0.00176388,20228.4
1851,0.00138733,20237.5
1852,0.00122623,20246.6
1853,0.00167544,20255.8
1854,0.00175622,20264.9
1855,0.00188159,20274.0
1856,0.00148453,20283.1
1857,0.00174179,20292.2
1858,0.00155463,20301.3
1859,0.00164287,20310.4
1860,0.00153161,20319.5
1861,0.00203495,20328.6
1862,0.00160068,20337.7
1863,0.00147489,20346.8
1864,0.00148535,20355.9
1865,0.00131750,20365.1
1866,0.00164273,20374.2
1867,0.00128572,20383.3
1868,0.00124356,20392.4
1869,0.00134212,20401.5
1870,0.00173447,20410.6
1871,0.00154507,20419.7
1872,0.00208742,20428.8
1873,0.00157291,20437.9
1874,0.00154842,20447.0
1875,0.00185224,20456.2
1876,0.00132943,20465.2
1877,0.00160301,20474.3
1878,0.00188150,20483.4
1879,0.00184116,20492.5
1880,0.00156513,20501.6
1881,0.00139739,20510.8
1882,0.00133478,20519.9
1883,0.00169923,20529.0
1884,0.00125301,20538.1
1885,0.00141295,20547.2
1886,0.00152332,20556.3
1887,0.00132229,20565.4
1888,0.00160221,20574.5
1889,0.00139136,20583.6
1890,0.00157186,20592.8
1891,0.00147804,20601.9
1892,0.00141393,20611.0
1893,0.00139102,20620.0
1894,0.00167084,20629.2
1895,0.00142571,20638.3
1896,0.00128157,20647.4
1897,0.00156319,20656.5
1898,0.00172956,20665.6
1899,0.00129546,20674.7
1900,0.00153130,20683.8
1901,0.00157697,20692.9
1902,0.00130130,20702.0
1903,0.00125789,20711.1
1904,0.00142206,20720.2
1905,0.00174692,20729.3
1906,0.00170360,20738.4
1907,0.00158980,20747.6
1908,0.00147574,20756.7
1909,0.00147949,20765.8
1910,0.00122960,20774.9
1911,0.00146019,20784.0
1912,0.00137931,20793.1
1913,0.00171965,20802.2
1914,0.00143351,20811.3
1915,0.00156237,20820.4
1916,0.00131232,20829.5
1917,0.00149863,20838.6
1918,0.00180597,20847.7
1919,0.00133920,20856.8
1920,0.00164907,20865.9
1921,0.00131317,20875.0
1922,0.00134548,20884.1
1923,0.00155020,20893.2
1924,0.00147843,20902.3
1925,0.00121987,20911.4
1926,0.00178543,20920.5
1927,0.00174103,20929.6
1928,0.00168756,20938.8
1929,0.00122130,20947.9
1930,0.00159048,20957.0
1931,0.00145243,20966.1
1932,0.00136538,20975.2
1933,0.00123979,20984.3
1934,0.00157822,20993.4
1935,0.00171537,21002.5
1936,0.00132493,21011.6
1937,0.00142750,21020.7
1938,0.00153860,21029.8
1939,0.00168648,21038.9
1940,0.00155422,21048.1
1941,0.00152834,21057.1
1942,0.00199083,21066.2
1943,0.00141690,21075.3
1944,0.00123884,21084.5
1945,0.00145219,21093.6
1946,0.00162886,21102.7
1947,0.00144121,21111.8
1948,0.00165935,21120.9
1949,0.00151661,21130.0
1950,0.00113138,21139.1
1951,0.00118101,21148.2
1952,0.00145097,21157.3
1953,0.00140879,21166.4
1954,0.00163351,21175.6
1955,0.00140304,21184.6
1956,0.00146303,21193.7
1957,0.00119584,21202.8
1958,0.00133801,21212.0
1959,0.00135572,21221.1
1960,0.00185357,21230.2
1961,0.00118671,21239.2
1962,0.00136632,21248.3
1963,0.00169680,21257.4
1964,0.00127540,21266.5
1965,0.00139566,21275.6
1966,0.00213010,21284.7
1967,0.00173605,21293.8
1968,0.00133476,21302.9
1969,0.00114726,21312.0
1970,0.00131545,21321.1
1971,0.00153601,21330.2
1972,0.00122185,21339.3
1973,0.00148049,21348.4
1974,0.00138142,21357.5
1975,0.00146457,21366.6
1976,0.00130675,21375.7
1977,0.00173536,21384.8
1978,0.00107718,21393.9
1979,0.00134668,21403.0
1980,0.00134368,21412.1
1981,0.00127512,21421.2
1982,0.00138487,21430.3
1983,0.00159330,21439.4
1984,0.00146757,21448.5
1985,0.00163176,21457.6
1986,0.00163187,21466.7
1987,0.00268560,21475.8
1988,0.00129720,21484.9
1989,0.00146337,21494.0
1990,0.00125118,21503.1
1991,0.00167164,21512.2
1992,0.00125555,21521.3
1993,0.00132386,21530.4
1994,0.00160602,21539.5
1995,0.00167720,21548.6
1996,0.00130379,21557.7
1997,0.00150006,21566.8
1998,0.00138067,21575.9
1999,0.00134495,21585.1
2000,0.00155351,21594.2
2001,0.00125671,21603.4
2002,0.00163480,21612.4
2003,0.00134426,21621.5
2004,0.00163621,21630.6
2005,0.00132180,21639.7
2006,0.00148077,21648.8
2007,0.00172678,21657.9
2008,0.00161992,21667.1
2009,0.00132691,21676.2
2010,0.00125090,21685.2
2011,0.00145730,21694.3
2012,0.00116327,21703.4
2013,0.00124588,21712.6
2014,0.00116328,21721.7
2015,0.00139601,21730.7
2016,0.00116446,21739.9
2017,0.00205065,21749.0
2018,0.00190356,21758.1
2019,0.00131013,21767.2
2020,0.00133786,21776.3
2021,0.00175536,21785.4
2022,0.00138433,21794.5
2023,0.00116925,21803.6
2024,0.00160329,21812.7
2025,0.00126777,21821.8
2026,0.00150311,21830.9
2027,0.00191464,21840.0
2028,0.00172477,21849.1
2029,0.00138114,21858.3
2030,0.00120831,21867.4
2031,0.00135464,21876.4
2032,0.00104501,21885.5
2033,0.00127939,21894.7
2034,0.00115563,21903.8
2035,0.00141285,21912.9
2036,0.00194309,21922.0
2037,0.00159167,21931.1
2038,0.00141748,21940.2
2039,0.00126523,21949.3
2040,0.00135066,21958.4
2041,0.00167596,21967.6
2042,0.00105785,21976.6
2043,0.00146085,21985.7
2044,0.00124896,21994.8
2045,0.00144474,22003.9
2046,0.00141156,22013.0
2047,0.00119198,22022.2
2048,0.00104729,22031.2
2049,0.00147858,22040.3
2050,0.00104752,22049.5
2051,0.00126536,22058.6
2052,0.00118606,22067.7
2053,0.00139861,22076.8
2054,0.00166800,22085.9
2055,0.00146143,22095.0
2056,0.00112064,22104.1
2057,0.00131493,22113.3
2058,0.00155471,22122.4
2059,0.00114341,22131.5
2060,0.00142450,22140.6
2061,0.00141050,22149.7
2062,0.00127182,22158.8
2063,0.00102741,22167.9
2064,0.00119293,22177.0
2065,0.00113484,22186.1
2066,0.00123595,22195.3
2067,0.00145477,22204.4
2068,0.00136411,22213.5
2069,0.00129855,22222.6
2070,0.00136987,22231.7
2071,0.00102916,22240.8
2072,0.00151898,22249.9
2073,0.00123698,22259.0
2074,0.00145197,22268.1
2075,0.00127261,22277.3
2076,0.00106308,22286.4
2077,0.00144320,22295.5
2078,0.00127912,22304.6
2079,0.00110146,22313.7
2080,0.00132010,22322.8
2081,0.00206002,22331.9
2082,0.00114031,22341.0
2083,0.00171463,22350.1
2084,0.00112457,22359.2
2085,0.00113934,22368.3
2086,0.00103339,22377.4
2087,0.00106075,22386.6
2088,0.00126266,22395.7
2089,0.00136712,22404.8
2090,0.00110981,22413.9
2091,0.00159081,22423.0
2092,0.00122598,22432.1
2093,0.00190330,22441.2
2094,0.00134059,22450.3
2095,0.00117413,22459.5
2096,0.00127938,22468.6
2097,0.00112374,22477.7
2098,0.00108653,22486.7
2099,0.00130351,22495.9
2100,0.00116038,22505.0
2101,0.00128049,22514.1
2102,0.00132798,22523.2
2103,0.00149364,22532.3
2104,0.00148823,22541.4
2105,0.00125295,22550.5
2106,0.00129876,22559.6
2107,0.00117460,22568.7
2108,0.00107998,22577.8
2109,0.00140728,22586.9
2110,0.00131376,22596.0
2111,0.00143591,22605.1
2112,0.00104781,22614.2
2113,0.00122266,22623.3
2114,0.00119764,22632.4
2115,0.00115321,22641.5
2116,0.00161654,22650.7
2117,0.00129579,22659.8
2118,0.00122195,22668.9
2119,0.00152575,22678.0
2120,0.00117355,22687.1
2121,0.00116548,22696.2
2122,0.00103937,22705.3
2123,0.00109058,22714.4
2124,0.00109994,22723.6
2125,0.00119364,22732.7
2126,0.00092091,22741.8
2127,0.00108506,22750.9
2128,0.00129150,22760.0
2129,0.00135413,22769.1
2130,0.00117314,22778.2
2131,0.00132195,22787.3
2132,0.00098061,22796.4
2133,0.00190209,22805.5
2134,0.00158949,22814.6
2135,0.00114087,22823.7
2136,0.00107595,22832.9
2137,0.00122844,22841.9
2138,0.00118500,22851.1
2139,0.00094558,22860.1
2140,0.00125059,22869.3
2141,0.00103348,22878.4
2142,0.00140330,22887.5
2143,0.00122230,22896.6
2144,0.00171057,22905.6
2145,0.00096372,22914.8
2146,0.00134956,22923.9
2147,0.00107323,22933.0
2148,0.00117912,22942.1
2149,0.00115897,22951.2
2150,0.00106999,22960.3
2151,0.00101212,22969.4
2152,0.00115899,22978.5
2153,0.00107302,22987.6
2154,0.00108091,22996.7
2155,0.00112022,23005.8
2156,0.00167795,23014.9
2157,0.00122458,23024.1
2158,0.00088607,23033.1
2159,0.00129636,23042.3
2160,0.00100086,23051.4
2161,0.00138640,23060.5
2162,0.00102525,23069.6
2163,0.00120692,23078.7
2164,0.00107249,23087.8
2165,0.00147958,23096.9
2166,0.00115111,23106.0
2167,0.00099738,23115.1
2168,0.00126321,23124.2
2169,0.00144522,23133.4
2170,0.00154479,23142.5
2171,0.00117112,23151.6
2172,0.00124307,23160.7
2173,0.00121236,23169.8
2174,0.00100958,23179.0
2175,0.00109045,23188.0
2176,0.00124082,23197.2
2177,0.00106389,23206.2
2178,0.00114180,23215.4
2179,0.00115411,23224.5
2180,0.00092059,23233.6
2181,0.00104587,23242.7
2182,0.00097169,23251.8
2183,0.00123125,23260.9
2184,0.00103960,23270.0
2185,0.00117148,23279.1
2186,0.00123041,23288.2
2187,0.00104764,23297.3
2188,0.00147787,23306.4
2189,0.00099250,23315.5
2190,0.00153411,23324.6
2191,0.00146983,23333.7
2192,0.00105541,23342.8
2193,0.00125110,23351.9
2194,0.00103262,23361.0
2195,0.00122896,23370.1
2196,0.00165859,23379.2
2197,0.00116463,23388.3
2198,0.00108451,23397.5
2199,0.00101947,23406.6
2200,0.00127313,23415.7
2201,0.00154542,23424.8
2202,0.00119059,23433.9
2203,0.00123451,23443.0
2204,0.00115247,23452.1
2205,0.00128625,23461.2
2206,0.00137459,23470.3
2207,0.00130342,23479.4
2208,0.00155333,23488.5
2209,0.00102674,23497.6
2210,0.00137238,23506.7
2211,0.00120690,23515.8
2212,0.00165193,23524.9
2213,0.00131795,23534.0
2214,0.00109340,23543.1
2215,0.00123390,23552.2
2216,0.00114001,23561.3
2217,0.00116470,23570.4
2218,0.00108674,23579.5
2219,0.00102004,23588.7
2220,0.00110119,23597.8
2221,0.00122963,23606.8
2222,0.00110272,23615.9
2223,0.00096780,23625.0
2224,0.00099501,23634.1
2225,0.00133135,23643.2
2226,0.00119120,23652.3
2227,0.00104177,23661.4
2228,0.00091426,23670.5
2229,0.00102669,23679.6
2230,0.00132580,23688.7
2231,0.00123607,23697.8
2232,0.00114142,23706.9
2233,0.00131776,23716.0
2234,0.00111941,23725.1
2235,0.00109615,23734.2
2236,0.00123050,23743.3
2237,0.00135936,23752.4
2238,0.00098506,23761.5
2239,0.00106171,23770.6
2240,0.00105662,23779.7
2241,0.00110615,23788.8
2242,0.00115966,23797.9
2243,0.00106840,23807.0
2244,0.00110104,23816.1
2245,0.00121013,23825.2
2246,0.00109954,23834.3
2247,0.00112908,23843.4
2248,0.00121522,23852.5
2249,0.00109952,23861.6
2250,0.00114688,23870.7
2251,0.00112896,23879.9
2252,0.00141166,23889.0
2253,0.00106951,23898.1
2254,0.00121247,23907.2
2255,0.00104688,23916.3
2256,0.00112043,23925.4
2257,0.00103641,23934.5
2258,0.00118093,23943.6
2259,0.00129846,23952.7
2260,0.00107568,23961.8
2261,0.00119671,23970.9
2262,0.00113064,23980.0
2263,0.00117057,23989.1
2264,0.00157538,23998.2
2265,0.00131272,24007.3
2266,0.00116329,24016.4
2267,0.00094016,24025.5
2268,0.00121138,24034.6
2269,0.00115764,24043.7
2270,0.00113737,24052.8
2271,0.00146695,24061.9
2272,0.00147472,24071.0
2273,0.00088726,24080.2
2274,0.00115150,24089.3
2275,0.00136989,24098.4
2276,0.00120846,24107.4
2277,0.00122434,24116.6
2278,0.00133103,24125.7
2279,0.00118872,24134.8
2280,0.00106600,24143.9
2281,0.00152135,24153.0
2282,0.00082620,24162.1
2283,0.00099421,24171.2
2284,0.00098421,24180.3
2285,0.00104904,24189.4
2286,0.00125818,24198.5
2287,0.00102995,24207.6
2288,0.00113342,24216.7
2289,0.00093609,24225.8
2290,0.00103944,24234.9
2291,0.00119213,24244.0
2292,0.00092700,24253.1
2293,0.00089387,24262.2
2294,0.00098909,24271.3
2295,0.00121631,24280.4
2296,0.00100473,24289.5
2297,0.00100349,24298.6
2298,0.00091290,24307.7
2299,0.00124952,24316.8
2300,0.00111239,24325.9
2301,0.00115032,24335.0
2302,0.00115687,24344.1
2303,0.00077439,24353.2
2304,0.00091903,24362.3
2305,0.00089030,24371.4
2306,0.00096745,24380.5
2307,0.00086888,24389.6
2308,0.00104395,24398.7
2309,0.00122514,24407.8
2310,0.00120323,24416.9
2311,0.00117355,24426.0
2312,0.00111048,24435.1
2313,0.00088071,24444.2
2314,0.00123951,24453.3
2315,0.00097379,24462.4
2316,0.00110147,24471.5
2317,0.00138446,24480.6
2318,0.00098237,24489.8
2319,0.00129245,24498.9
2320,0.00144107,24507.9
2321,0.00089965,24517.0
2322,0.00126884,24526.2
2323,0.00159879,24535.3
2324,0.00102115,24544.4
2325,0.00089035,24553.4
2326,0.00090389,24562.5
2327,0.00101132,24571.7
2328,0.00097931,24580.8
2329,0.00103020,24589.8
2330,0.00085019,24599.0
2331,0.00115442,24608.0
2332,0.00081536,24617.1
2333,0.00108446,24626.2
2334,0.00127928,24635.3
2335,0.00110786,24644.5
2336,0.00096560,24653.6
2337,0.00088264,24662.7
2338,0.00104450,24671.8
2339,0.00078313,24680.9
2340,0.00095248,24690.0
2341,0.00081281,24699.1
2342,0.00109729,24708.2
2343,0.00111782,24717.3
2344,0.00135247,24726.4
2345,0.00116285,24735.5
2346,0.00092290,24744.5
2347,0.00085563,24753.7
2348,0.00116389,24762.8
2349,0.00115620,24771.9
2350,0.00112354,24781.0
2351,0.00109669,24790.1
2352,0.00114014,24799.2
2353,0.00096287,24808.3
2354,0.00118391,24817.4
2355,0.00090121,24826.5
2356,0.00117149,24835.6
2357,0.00106757,24844.7
2358,0.00085277,24853.8
2359,0.00103442,24862.9
2360,0.00084246,24872.0
2361,0.00124386,24881.1
2362,0.00088266,24890.2
2363,0.00088394,24899.3
2364,0.00127614,24908.4
2365,0.00084719,24917.6
2366,0.00083896,24926.6
2367,0.00079447,24935.7
2368,0.00097119,24944.8
2369,0.00078770,24954.0
2370,0.00133284,24963.1
2371,0.00151934,24972.2
2372,0.00097400,24981.3
2373,0.00107947,24990.4
2374,0.00102365,24999.4
2375,0.00106840,25008.5
2376,0.00096100,25017.6
2377,0.00098397,25026.8
2378,0.00095474,25035.9
2379,0.00122664,25045.0
2380,0.00104299,25054.1
2381,0.00092611,25063.2
2382,0.00079040,25072.3
2383,0.00095650,25081.4
2384,0.00078745,25090.5
2385,0.00111100,25099.6
2386,0.00086796,25108.7
2387,0.00087322,25117.8
2388,0.00119041,25126.9
2389,0.00138349,25136.0
2390,0.00102457,25145.1
2391,0.00106745,25154.2
2392,0.00092367,25163.3
2393,0.00104848,25172.4
2394,0.00094210,25181.5
2395,0.00135725,25190.6
2396,0.00074071,25199.7
2397,0.00091741,25208.8
2398,0.00077839,25217.9
2399,0.00106858,25227.0
2400,0.00104085,25236.1
2401,0.00091656,25245.2
2402,0.00092387,25254.3
2403,0.00106388,25263.4
2404,0.00096873,25272.5
2405,0.00101953,25281.6
2406,0.00076720,25290.7
2407,0.00119105,25299.8
2408,0.00087507,25308.9
2409,0.00078213,25318.0
2410,0.00101444,25327.1
2411,0.00087199,25336.2
2412,0.00112786,25345.3
2413,0.00079776,25354.4
2414,0.00104475,25363.5
2415,0.00103022,25372.6
2416,0.00121451,25381.7
2417,0.00093090,25390.8
2418,0.00110986,25399.8
2419,0.00087723,25409.0
2420,0.00099309,25418.0
2421,0.00116548,25427.1
2422,0.00114365,25436.2
2423,0.00086479,25445.3
2424,0.00076849,25454.4
2425,0.00097894,25463.5
2426,0.00109405,25472.6
2427,0.00091061,25481.7
2428,0.00079903,25490.8
2429,0.00078137,25499.9
2430,0.00071140,25509.0
2431,0.00105314,25518.1
2432,0.00114850,25527.3
2433,0.00076051,25536.3
2434,0.00095268,25545.4
2435,0.00100433,25554.5
2436,0.00095476,25563.7
2437,0.00075923,25572.8
2438,0.00079161,25581.8
2439,0.00101796,25590.9
2440,0.00094963,25600.0
2441,0.00084897,25609.1
2442,0.00097899,25618.2
2443,0.00076540,25627.3
2444,0.00093402,25636.4
2445,0.00096426,25645.5
2446,0.00090406,25654.6
2447,0.00094423,25663.7
2448,0.00096704,25672.8
2449,0.00105824,25681.9
2450,0.00086626,25691.0
2451,0.00091046,25700.1
2452,0.00098078,25709.2
2453,0.00081578,25718.3
2454,0.00074385,25727.4
2455,0.00118606,25736.5
2456,0.00118641,25745.6
2457,0.00084857,25754.7
2458,0.00098491,25763.8
2459,0.00100270,25772.9
2460,0.00113297,25782.0
2461,0.00087485,25791.1
2462,0.00096874,25800.2
2463,0.00088967,25809.3
2464,0.00094209,25818.4
2465,0.00116011,25827.5
2466,0.00097765,25836.6
2467,0.00086505,25845.7
2468,0.00074587,25854.8
2469,0.00080008,25863.9
2470,0.00108123,25873.0
2471,0.00069242,25882.1
2472,0.00102678,25891.2
2473,0.00080820,25900.3
2474,0.00070986,25909.5
2475,0.00112261,25918.5
2476,0.00106289,25927.6
2477,0.00095837,25936.7
2478,0.00077944,25945.8
2479,0.00117696,25954.9
2480,0.00084162,25964.0
2481,0.00084401,25973.1
2482,0.00078025,25982.2
2483,0.00073257,25991.3
2484,0.00090403,26000.5
2485,0.00102272,26009.7
2486,0.00067140,26018.8
2487,0.00084383,26027.9
2488,0.00081530,26037.0
2489,0.00089873,26046.1
2490,0.00092534,26055.2
2491,0.00095941,26064.3
2492,0.00108222,26073.4
2493,0.00086219,26082.5
2494,0.00070826,26091.6
2495,0.00116126,26100.7
2496,0.00081480,26109.8
2497,0.00091678,26118.9
2498,0.00068462,26128.0
2499,0.00087516,26137.1
2500,0.00099450,26146.2
2501,0.00090521,26155.4
2502,0.00081025,26164.5
2503,0.00092287,26173.6
2504,0.00102927,26182.7
2505,0.00073037,26191.8
2506,0.00084701,26200.9
2507,0.00079563,26210.0
2508,0.00086879,26219.1
2509,0.00091169,26228.2
2510,0.00095279,26237.3
2511,0.00092473,26246.4
2512,0.00081445,26255.5
2513,0.00075494,26264.6
2514,0.00079948,26273.7
2515,0.00095317,26282.8
2516,0.00089636,26292.0
2517,0.00106104,26301.0
2518,0.00083282,26310.2
2519,0.00077285,26319.3
2520,0.00078778,26328.4
2521,0.00107992,26337.5
2522,0.00088551,26346.6
2523,0.00085015,26355.7
2524,0.00082948,26364.8
2525,0.00088807,26373.9
2526,0.00071936,26383.0
2527,0.00074809,26392.1
2528,0.00073713,26401.3
2529,0.00112120,26410.4
2530,0.00080746,26419.5
2531,0.00090560,26428.6
2532,0.00094589,26437.7
2533,0.00079263,26446.8
2534,0.00097595,26455.9
2535,0.00083028,26465.0
2536,0.00078555,26474.1
2537,0.00091457,26483.2
2538,0.00082048,26492.3
2539,0.00097382,26501.3
2540,0.00085088,26510.5
2541,0.00086925,26519.6
2542,0.00080982,26528.7
2543,0.00093420,26537.8
2544,0.00081129,26546.9
2545,0.00074764,26556.0
2546,0.00073234,26565.1
2547,0.00080390,26574.2
2548,0.00073731,26583.3
2549,0.00094754,26592.4
2550,0.00133043,26601.5
2551,0.00096436,26610.6
2552,0.00084673,26619.7
2553,0.00081267,26628.9
2554,0.00079801,26638.1
2555,0.00080772,26647.2
2556,0.00066695,26656.4
2557,0.00082428,26665.5
2558,0.00115503,26674.6
2559,0.00071413,26683.7
2560,0.00083439,26692.8
2561,0.00077606,26702.0
2562,0.00100673,26711.0
2563,0.00099625,26720.2
2564,0.00080309,26729.3
2565,0.00083551,26738.4
2566,0.00074618,26747.5
2567,0.00088096,26756.6
2568,0.00100411,26765.7
2569,0.00081291,26774.8
2570,0.00081417,26783.9
2571,0.00077170,26793.0
2572,0.00074162,26802.1
2573,0.00075384,26811.3
2574,0.00070928,26820.4
2575,0.00084479,26829.5
2576,0.00072711,26838.6
2577,0.00081580,26847.7
2578,0.00078559,26856.8
2579,0.00092322,26865.9
2580,0.00070332,26875.0
2581,0.00071336,26884.1
2582,0.00087108,26893.3
2583,0.00099043,26902.4
2584,0.00079071,26911.5
2585,0.00091020,26920.6
2586,0.00073713,26929.7
2587,0.00080942,26938.8
2588,0.00084271,26947.8
2589,0.00100994,26957.0
2590,0.00068466,26966.1
2591,0.00085291,26975.2
2592,0.00098588,26984.3
2593,0.00061567,26993.4
2594,0.00067010,27002.6
2595,0.00083136,27011.7
2596,0.00089979,27020.8
2597,0.00077917,27029.9
2598,0.00083107,27039.0
2599,0.00069238,27048.1
2600,0.00072153,27057.2
2601,0.00079476,27066.3
2602,0.00078724,27075.4
2603,0.00110288,27084.5
2604,0.00078043,27093.6
2605,0.00060770,27102.7
2606,0.00121118,27111.9
2607,0.00081178,27121.0
2608,0.00084748,27130.1
2609,0.00066873,27139.2
2610,0.00077454,27148.3
2611,0.00069856,27157.4
2612,0.00084526,27166.5
2613,0.00106252,27175.6
2614,0.00110505,27184.7
2615,0.00135928,27193.8
2616,0.00073626,27202.9
2617,0.00062596,27212.0
2618,0.00081683,27221.1
2619,0.00093083,27230.2
2620,0.00078093,27239.3
2621,0.00072980,27248.4
2622,0.00073429,27257.5
2623,0.00074977,27266.6
2624,0.00083275,27275.7
2625,0.00065932,27284.8
2626,0.00058585,27293.9
2627,0.00088082,27303.1
2628,0.00066082,27312.2
2629,0.00114045,27321.3
2630,0.00060765,27330.3
2631,0.00077966,27339.5
2632,0.00099931,27348.5
2633,0.00077986,27357.6
2634,0.00076816,27366.7
2635,0.00069138,27375.8
2636,0.00084694,27384.9
2637,0.00065627,27394.0
2638,0.00066649,27403.1
2639,0.00094345,27412.2
2640,0.00101358,27421.3
2641,0.00072928,27430.4
2642,0.00084939,27439.5
2643,0.00087345,27448.6
2644,0.00097095,27457.7
2645,0.00101892,27466.8
2646,0.00080376,27475.9
2647,0.00064569,27485.0
2648,0.00088385,27494.1
2649,0.00075623,27503.2
2650,0.00080931,27512.3
2651,0.00072447,27521.4
2652,0.00078902,27530.5
2653,0.00089935,27539.6
2654,0.00083878,27548.7
2655,0.00084816,27557.8
2656,0.00078791,27566.9
2657,0.00066207,27576.0
2658,0.00077173,27585.1
2659,0.00066238,27594.2
2660,0.00104509,27603.3
2661,0.00067301,27612.4
2662,0.00086820,27621.5
2663,0.00085589,27630.5
2664,0.00075537,27639.7
2665,0.00058389,27648.8
2666,0.00095582,27657.9
2667,0.00065190,27667.0
2668,0.00073579,27676.1
2669,0.00079554,27685.2
2670,0.00085142,27694.3
2671,0.00083210,27703.4
2672,0.00090167,27712.5
2673,0.00097032,27721.7
2674,0.00061780,27730.8
2675,0.00058865,27739.8
2676,0.00069233,27748.9
2677,0.00078615,27758.1
2678,0.00065429,27767.2
2679,0.00093315,27776.2
2680,0.00082225,27785.3
2681,0.00062106,27794.5
2682,0.00065835,27803.6
2683,0.00069003,27812.7
2684,0.00076246,27821.8
2685,0.00058551,27830.8
2686,0.00072240,27839.9
2687,0.00063780,27849.0
2688,0.00056977,27858.2
2689,0.00108990,27867.3
2690,0.00091835,27876.4
2691,0.00114739,27885.5
2692,0.00060177,27894.6
2693,0.00066170,27903.7
2694,0.00080521,27912.8
2695,0.00083231,27921.9
2696,0.00060791,27931.0
2697,0.00078665,27940.1
2698,0.00069728,27949.2
2699,0.00059265,27958.3
2700,0.00072124,27967.4
2701,0.00147557,27976.6
2702,0.00085281,27985.7
2703,0.00068304,27994.8
2704,0.00098105,28003.8
2705,0.00080269,28013.0
2706,0.00057604,28022.1
2707,0.00080890,28031.2
2708,0.00109416,28040.3
2709,0.00093314,28049.4
2710,0.00072111,28058.5
2711,0.00070836,28067.6
2712,0.00064682,28076.7
2713,0.00072534,28085.8
2714,0.00068802,28094.9
2715,0.00070995,28104.0
2716,0.00065152,28113.1
2717,0.00113595,28122.2
2718,0.00072489,28131.3
2719,0.00055789,28140.4
2720,0.00153957,28149.5
2721,0.00061684,28158.6
2722,0.00068176,28167.8
2723,0.00066909,28176.9
2724,0.00073738,28185.9
2725,0.00066173,28195.0
2726,0.00097671,28204.2
2727,0.00078215,28213.2
2728,0.00090725,28222.3
2729,0.00078666,28231.4
2730,0.00077493,28240.5
2731,0.00059899,28249.6
2732,0.00061046,28258.7
2733,0.00063555,28267.8
2734,0.00053100,28276.9
2735,0.00061764,28286.1
2736,0.00056982,28295.2
2737,0.00082638,28304.3
2738,0.00072768,28313.4
2739,0.00094178,28322.5
2740,0.00086401,28331.6
2741,0.00058971,28340.7
2742,0.00091579,28349.8
2743,0.00071359,28359.0
2744,0.00066684,28368.1
2745,0.00059859,28377.2
2746,0.00059454,28386.3
2747,0.00084341,28395.4
2748,0.00054269,28404.5
2749,0.00073666,28413.6
2750,0.00085682,28422.7
2751,0.00056880,28431.9
2752,0.00056845,28441.0
2753,0.00086125,28450.1
2754,0.00056105,28459.2
2755,0.00089674,28468.3
2756,0.00060114,28477.4
2757,0.00070621,28486.5
2758,0.00058307,28495.6
2759,0.00058971,28504.7
2760,0.00086736,28513.8
2761,0.00065147,28522.9
2762,0.00082473,28532.0
2763,0.00078528,28541.1
2764,0.00088510,28550.2
2765,0.00066971,28559.3
2766,0.00053961,28568.4
2767,0.00062004,28577.4
2768,0.00059748,28586.6
2769,0.00091756,28595.7
2770,0.00074712,28604.7
2771,0.00061646,28613.9
2772,0.00058523,28623.0
2773,0.00056308,28632.1
2774,0.00066839,28641.2
2775,0.00055398,28650.3
2776,0.00063284,28659.4
2777,0.00063781,28668.5
2778,0.00067749,28677.6
2779,0.00072976,28686.7
2780,0.00057194,28695.8
2781,0.00058772,28704.9
2782,0.00119771,28714.0
2783,0.00074746,28723.1
2784,0.00047971,28732.2
2785,0.00101467,28741.3
2786,0.00070128,28750.4
2787,0.00068219,28759.5
2788,0.00057969,28768.7
2789,0.00056304,28777.8
2790,0.00066002,28786.9
2791,0.00072143,28796.0
2792,0.00057982,28805.1
2793,0.00063108,28814.2
2794,0.00059837,28823.3
2795,0.00068851,28832.4
2796,0.00101991,28841.5
2797,0.00066633,28850.6
2798,0.00055806,28859.7
2799,0.00071358,28868.8
2800,0.00057783,28877.9
2801,0.00061242,28887.0
2802,0.00065447,28896.1
2803,0.00093379,28905.2
2804,0.00086569,28914.3
2805,0.00070351,28923.5
2806,0.00065659,28932.5
2807,0.00064864,28941.6
2808,0.00056828,28950.7
2809,0.00088412,28959.9
2810,0.00054722,28969.0
2811,0.00085292,28978.1
2812,0.00058660,28987.2
2813,0.00051000,28996.3
2814,0.00058638,29005.4
2815,0.00068874,29014.5
2816,0.00079914,29023.6
2817,0.00065596,29032.8
2818,0.00046102,29041.9
2819,0.00086380,29051.0
2820,0.00066766,29060.1
2821,0.00057275,29069.2
2822,0.00068517,29078.3
2823,0.00074409,29087.4
2824,0.00066891,29096.5
2825,0.00067376,29105.6
2826,0.00054121,29114.8
2827,0.00060411,29123.9
2828,0.00099639,29133.0
2829,0.00084406,29142.1
2830,0.00055548,29151.2
2831,0.00062649,29160.3
2832,0.00056418,29169.4
2833,0.00067163,29178.5
2834,0.00076590,29187.7
2835,0.00052230,29196.8
2836,0.00052143,29205.8
2837,0.00059673,29215.0
2838,0.00060428,29224.1
2839,0.00063876,29233.2
2840,0.00053179,29242.3
2841,0.00057039,29251.4
2842,0.00053584,29260.6
2843,0.00063313,29269.7
2844,0.00070897,29278.7
2845,0.00161992,29287.8
2846,0.00060761,29297.0
2847,0.00051582,29306.1
2848,0.00051226,29315.2
2849,0.00061654,29324.3
2850,0.00061409,29333.4
2851,0.00057998,29342.5
2852,0.00063811,29351.6
2853,0.00065728,29360.6
2854,0.00057364,29369.7
2855,0.00048664,29378.9
2856,0.00092411,29388.0
2857,0.00064662,29397.1
2858,0.00065700,29406.2
2859,0.00063195,29415.3
2860,0.00064486,29424.4
2861,0.00061264,29433.5
2862,0.00067014,29442.6
2863,0.00066611,29451.7
2864,0.00078425,29460.8
2865,0.00071179,29469.9
2866,0.00048003,29479.0
2867,0.00046859,29488.1
2868,0.00048873,29497.2
2869,0.00064903,29506.3
2870,0.00083585,29515.4
2871,0.00051258,29524.6
2872,0.00049409,29533.7
2873,0.00071015,29542.8
2874,0.00054459,29551.9
2875,0.00060660,29561.0
2876,0.00058858,29570.1
2877,0.00075978,29579.2
2878,0.00065000,29588.3
2879,0.00053800,29597.5
2880,0.00057633,29606.6
2881,0.00073367,29615.7
2882,0.00053585,29624.8
2883,0.00092288,29633.9
2884,0.00060927,29643.0
2885,0.00067297,29652.1
2886,0.00057144,29661.2
2887,0.00084064,29670.3
2888,0.00062832,29679.4
2889,0.00049425,29688.5
2890,0.00068560,29697.6
2891,0.00054033,29706.7
2892,0.00065058,29715.9
2893,0.00062382,29725.0
2894,0.00053779,29734.1
2895,0.00059513,29743.1
2896,0.00042211,29752.3
2897,0.00053970,29761.4
2898,0.00092790,29770.5
2899,0.00065483,29779.6
2900,0.00052870,29788.7
2901,0.00044577,29797.8
2902,0.00062490,29806.9
2903,0.00064829,29816.0
2904,0.00056048,29825.2
2905,0.00054232,29834.2
2906,0.00057040,29843.3
2907,0.00066329,29852.4
2908,0.00099131,29861.5
2909,0.00048836,29870.6
2910,0.00073758,29879.7
2911,0.00054717,29888.8
2912,0.00062137,29897.9
2913,0.00065979,29907.0
2914,0.00042258,29916.1
2915,0.00062464,29925.2
2916,0.00065063,29934.3
2917,0.00074296,29943.4
2918,0.00098501,29952.5
2919,0.00057667,29961.6
2920,0.00049081,29970.7
2921,0.00059742,29979.8
2922,0.00051639,29988.9
2923,0.00049084,29998.0
2924,0.00050734,30007.1
2925,0.00063580,30016.2
2926,0.00064453,30025.3
2927,0.00064076,30034.4
2928,0.00079413,30043.5
2929,0.00056316,30052.6
2930,0.00050662,30061.7
2931,0.00057270,30070.8
2932,0.00044573,30079.9
2933,0.00058602,30089.1
2934,0.00058097,30098.2
2935,0.00054248,30107.3
2936,0.00050142,30116.3
2937,0.00065873,30125.5
2938,0.00050374,30134.6
2939,0.00057697,30143.7
2940,0.00064224,30152.8
2941,0.00051790,30161.9
2942,0.00078252,30171.0
2943,0.00067761,30180.1
2944,0.00061801,30189.2
2945,0.00056538,30198.3
2946,0.00077121,30207.4
2947,0.00059518,30216.5
2948,0.00068977,30225.6
2949,0.00047209,30234.7
2950,0.00059019,30243.8
2951,0.00058663,30252.9
2952,0.00083395,30262.0
2953,0.00049532,30271.1
2954,0.00053958,30280.2
2955,0.00043726,30289.3
2956,0.00058568,30298.4
2957,0.00085521,30307.5
2958,0.00063067,30316.6
2959,0.00072421,30325.7
2960,0.00048269,30334.8
2961,0.00051728,30343.9
2962,0.00048917,30353.0
2963,0.00055529,30362.1
2964,0.00072350,30371.2
2965,0.00042161,30380.3
2966,0.00069507,30389.5
2967,0.00050612,30398.6
2968,0.00049462,30407.7
2969,0.00043429,30416.8
2970,0.00049784,30425.9
2971,0.00056705,30435.0
2972,0.00057644,30444.1
2973,0.00055748,30453.2
2974,0.00063187,30462.3
2975,0.00062247,30471.4
2976,0.00064549,30480.5
2977,0.00050983,30489.6
2978,0.00069858,30498.7
2979,0.00055783,30507.8
2980,0.00052904,30516.9
2981,0.00052193,30526.0
2982,0.00062389,30535.1
2983,0.00052381,30544.2
2984,0.00051145,30553.3
2985,0.00051921,30562.3
2986,0.00047255,30571.5
2987,0.00044119,30580.6
2988,0.00087792,30589.7
2989,0.00068735,30598.8
2990,0.00065752,30607.9
2991,0.00048000,30617.0
2992,0.00064541,30626.1
2993,0.00046980,30635.2
2994,0.00044697,30644.2
2995,0.00082558,30653.4
2996,0.00060300,30662.4
2997,0.00040791,30671.5
2998,0.00041348,30680.7
2999,0.00082735,30689.8
3000,0.00065600,30698.9
3001,0.00051622,30708.1
3002,0.00047759,30717.1
3003,0.00040164,30726.3
3004,0.00067544,30735.4
3005,0.00060747,30744.5
3006,0.00053295,30753.6
3007,0.00051570,30762.7
3008,0.00062040,30771.8
3009,0.00046886,30780.9
3010,0.00062666,30789.9
3011,0.00060356,30799.1
3012,0.00049337,30808.2
3013,0.00077007,30817.3
3014,0.00039316,30826.3
3015,0.00043827,30835.5
3016,0.00049259,30844.6
3017,0.00057032,30853.7
3018,0.00042512,30862.8
3019,0.00047542,30871.9
3020,0.00060205,30881.0
3021,0.00057738,30890.1
3022,0.00083486,30899.2
3023,0.00047461,30908.3
3024,0.00056146,30917.4
3025,0.00070526,30926.5
3026,0.00048288,30935.6
3027,0.00046792,30944.7
3028,0.00046835,30953.8
3029,0.00074406,30962.9
3030,0.00060285,30972.0
3031,0.00070416,30981.1
3032,0.00049934,30990.2
3033,0.00038646,30999.3
3034,0.00057028,31008.4
3035,0.00039999,31017.5
3036,0.00053108,31026.7
3037,0.00044948,31035.8
3038,0.00059206,31044.9
3039,0.00061455,31054.0
3040,0.00058635,31063.1
3041,0.00071091,31072.2
3042,0.00052516,31081.3
3043,0.00069707,31090.4
3044,0.00056969,31099.5
3045,0.00040877,31108.6
3046,0.00048420,31117.7
3047,0.00098883,31126.8
3048,0.00049844,31135.9
3049,0.00068605,31145.0
3050,0.00044028,31154.1
3051,0.00070276,31163.2
3052,0.00070432,31172.3
3053,0.00047410,31181.4
3054,0.00045414,31190.5
3055,0.00065763,31199.6
3056,0.00045558,31208.7
3057,0.00058553,31217.9
3058,0.00046774,31227.0
3059,0.00048008,31236.0
3060,0.00056418,31245.1
3061,0.00070305,31254.3
3062,0.00084948,31263.4
3063,0.00065896,31272.5
3064,0.00045695,31281.6
3065,0.00053957,31290.7
3066,0.00039749,31299.8
3067,0.00036188,31308.9
3068,0.00072653,31318.0
3069,0.00092076,31327.1
3070,0.00060560,31336.2
3071,0.00057288,31345.3
3072,0.00058945,31354.4
3073,0.00050895,31363.5
3074,0.00057989,31372.6
3075,0.00039986,31381.7
3076,0.00060005,31390.8
3077,0.00063124,31399.9
3078,0.00051234,31409.0
3079,0.00044699,31418.1
3080,0.00053996,31427.2
3081,0.00038013,31436.3
3082,0.00043526,31445.4
3083,0.00044467,31454.4
3084,0.00060317,31463.5
3085,0.00046137,31472.6
3086,0.00042027,31481.7
3087,0.00078237,31490.8
3088,0.00063157,31499.9
3089,0.00054437,31509.0
3090,0.00040599,31518.1
3091,0.00045618,31527.2
3092,0.00061472,31536.3
3093,0.00051816,31545.4
3094,0.00046478,31554.5
3095,0.00067537,31563.6
3096,0.00056543,31572.7
3097,0.00042686,31581.8
3098,0.00051660,31590.9
3099,0.00061873,31600.0
3100,0.00063241,31609.1
3101,0.00055421,31618.2
3102,0.00038084,31627.3
3103,0.00073705,31636.4
3104,0.00056394,31645.5
3105,0.00063105,31654.6
3106,0.00040765,31663.7
3107,0.00041464,31672.8
3108,0.00080740,31681.9
3109,0.00049472,31691.0
3110,0.00048472,31700.1
3111,0.00046735,31709.2
3112,0.00084818,31718.2
3113,0.00040488,31727.3
3114,0.00075998,31736.4
3115,0.00053594,31745.5
3116,0.00069123,31754.7
3117,0.00037662,31763.7
3118,0.00063001,31772.8
3119,0.00077877,31782.0
3120,0.00046046,31791.1
3121,0.00041785,31800.1
3122,0.00036705,31809.2
3123,0.00068219,31818.4
3124,0.00069697,31827.5
3125,0.00049219,31836.5
3126,0.00053792,31845.6
3127,0.00047666,31854.8
3128,0.00051054,31863.8
3129,0.00036390,31872.9
3130,0.00056474,31882.0
3131,0.00047495,31891.1
3132,0.00060510,31900.2
3133,0.00041171,31909.3
3134,0.00039314,31918.4
3135,0.00050494,31927.5
3136,0.00061147,31936.6
3137,0.00060537,31945.7
3138,0.00064738,31954.8
3139,0.00038223,31963.9
3140,0.00042399,31973.0
3141,0.00045683,31982.1
3142,0.00036940,31991.2
3143,0.00075893,32000.3
3144,0.00074472,32009.4
3145,0.00056476,32018.5
3146,0.00044725,32027.6
3147,0.00048088,32036.6
3148,0.00052772,32045.7
3149,0.00046620,32054.8
3150,0.00059782,32063.9
3151,0.00048195,32073.0
3152,0.00036686,32082.1
3153,0.00051284,32091.2
3154,0.00040687,32100.3
3155,0.00048239,32109.4
3156,0.00081383,32118.5
3157,0.00048309,32127.6
3158,0.00052825,32136.7
3159,0.00044077,32145.8
3160,0.00076340,32154.9
3161,0.00058302,32163.9
3162,0.00056037,32173.0
3163,0.00042391,32182.1
3164,0.00047715,32191.2
3165,0.00050913,32200.3
3166,0.00052232,32209.4
3167,0.00031333,32218.5
3168,0.00065489,32227.6
3169,0.00045442,32236.7
3170,0.00045966,32245.8
3171,0.00045678,32254.9
3172,0.00053419,32264.0
3173,0.00049561,32273.1
3174,0.00051976,32282.2
3175,0.00054868,32291.3
3176,0.00064784,32300.4
3177,0.00053818,32309.5
3178,0.00042582,32318.6
3179,0.00040785,32327.7
3180,0.00048412,32336.8
3181,0.00047151,32345.9
3182,0.00073053,32354.9
3183,0.00045950,32364.0
3184,0.00050817,32373.1
3185,0.00064806,32382.3
3186,0.00038557,32391.4
3187,0.00042666,32400.4
3188,0.00057966,32409.5
3189,0.00070654,32418.6
3190,0.00043383,32427.7
3191,0.00067195,32436.8
3192,0.00053981,32445.9
3193,0.00115205,32455.0
3194,0.00045974,32464.1
3195,0.00059190,32473.2
3196,0.00042512,32482.3
3197,0.00040538,32491.4
3198,0.00039895,32500.5
3199,0.00040495,32509.6
3200,0.00057578,32518.7
3201,0.00047878,32527.8
3202,0.00053404,32536.9
3203,0.00060993,32546.0
3204,0.00042725,32555.0
3205,0.00042030,32564.1
3206,0.00035399,32573.2
3207,0.00044763,32582.3
3208,0.00048893,32591.4
3209,0.00092902,32600.5
3210,0.00046105,32609.6
3211,0.00047666,32618.7
3212,0.00050763,32627.8
3213,0.00045879,32636.9
3214,0.00055045,32646.0
3215,0.00055149,32655.1
3216,0.00041604,32664.2
3217,0.00052498,32673.2
3218,0.00038662,32682.4
3219,0.00070252,32691.5
3220,0.00071619,32700.6
3221,0.00041041,32709.7
3222,0.00033273,32718.8
3223,0.00053981,32727.9
3224,0.00036920,32737.0
3225,0.00039553,32746.1
3226,0.00041490,32755.2
3227,0.00050026,32764.3
3228,0.00045921,32773.4
3229,0.00042242,32782.5
3230,0.00053467,32791.6
3231,0.00042689,32800.8
3232,0.00051022,32809.9
3233,0.00054760,32819.0
3234,0.00032266,32828.1
3235,0.00094015,32837.2
3236,0.00049711,32846.3
3237,0.00076796,32855.4
3238,0.00048744,32864.5
3239,0.00043146,32873.6
3240,0.00060562,32882.7
3241,0.00057035,32891.8
3242,0.00051341,32900.9
3243,0.00057519,32910.0
3244,0.00044113,32919.1
3245,0.00046197,32928.2
3246,0.00037186,32937.3
3247,0.00054233,32946.4
3248,0.00053619,32955.5
3249,0.00035738,32964.6
3250,0.00040845,32973.7
3251,0.00051936,32982.9
3252,0.00040919,32992.0
3253,0.00041407,33001.1
3254,0.00047463,33010.2
3255,0.00057092,33019.3
3256,0.00046551,33028.5
3257,0.00053544,33037.5
3258,0.00045475,33046.6
3259,0.00041829,33055.7
3260,0.00053497,33064.9
3261,0.00056897,33073.9
3262,0.00043095,33083.0
3263,0.00058592,33092.1
3264,0.00040033,33101.3
3265,0.00057239,33110.4
3266,0.00077180,33119.5
3267,0.00051990,33128.6
3268,0.00046224,33137.7
3269,0.00059387,33146.8
3270,0.00035746,33155.9
3271,0.00040349,33165.0
3272,0.00062301,33174.1
3273,0.00045828,33183.2
3274,0.00032604,33192.3
3275,0.00050808,33201.4
3276,0.00044573,33210.5
3277,0.00049935,33219.6
3278,0.00090717,33228.7
3279,0.00057087,33237.8
3280,0.00030694,33246.9
3281,0.00037441,33256.0
3282,0.00046186,33265.1
3283,0.00048020,33274.2
3284,0.00051302,33283.4
3285,0.00032764,33292.5
3286,0.00056388,33301.6
3287,0.00038044,33310.7
3288,0.00044400,33319.8
3289,0.00043507,33328.9
3290,0.00062236,33338.0
3291,0.00052551,33347.1
3292,0.00035991,33356.2
3293,0.00036916,33365.3
3294,0.00056932,33374.4
3295,0.00056441,33383.5
3296,0.00034965,33392.6
3297,0.00053072,33401.8
3298,0.00035674,33410.9
3299,0.00098262,33420.0
3300,0.00038956,33429.1
3301,0.00050542,33438.2
3302,0.00044893,33447.3
3303,0.00043150,33456.4
3304,0.00048002,33465.5
3305,0.00044268,33474.6
3306,0.00054602,33483.7
3307,0.00037025,33492.8
3308,0.00046471,33501.9
3309,0.00059198,33511.1
3310,0.00042961,33520.2
3311,0.00041543,33529.3
3312,0.00046993,33538.4
3313,0.00044785,33547.5
3314,0.00037102,33556.6
3315,0.00037405,33565.7
3316,0.00039273,33574.8
3317,0.00036891,33583.9
3318,0.00051745,33593.1
3319,0.00042790,33602.2
3320,0.00047887,33611.3
3321,0.00078114,33620.4
3322,0.00033832,33629.5
3323,0.00067316,33638.6
3324,0.00046953,33647.7
3325,0.00040413,33656.8
3326,0.00044550,33665.9
3327,0.00046235,33675.0
3328,0.00042761,33684.1
3329,0.00056216,33693.2
3330,0.00033794,33702.3
3331,0.00042539,33711.4
3332,0.00040669,33720.5
3333,0.00031880,33729.6
3334,0.00043163,33738.8
3335,0.00037818,33747.9
3336,0.00043448,33757.0
3337,0.00039388,33766.1
3338,0.00049766,33775.2
3339,0.00049485,33784.3
3340,0.00053769,33793.4
3341,0.00040881,33802.5
3342,0.00037772,33811.6
3343,0.00036182,33820.7
3344,0.00055561,33829.8
3345,0.00046462,33838.9
3346,0.00032663,33848.0
3347,0.00040359,33857.2
3348,0.00046802,33866.3
3349,0.00070319,33875.4
3350,0.00040755,33884.5
3351,0.00034552,33893.6
3352,0.00121444,33902.7
3353,0.00047198,33911.8
3354,0.00061141,33920.9
3355,0.00034863,33930.0
3356,0.00039538,33939.1
3357,0.00071565,33948.2
3358,0.00053209,33957.3
3359,0.00033887,33966.4
3360,0.00039537,33975.6
3361,0.00040389,33984.7
3362,0.00044304,33993.7
3363,0.00048128,34002.9
3364,0.00032250,34012.0
3365,0.00036019,34021.1
3366,0.00045370,34030.2
3367,0.00038685,34039.4
3368,0.00068133,34048.5
3369,0.00038775,34057.6
3370,0.00039793,34066.6
3371,0.00062673,34075.8
3372,0.00041835,34084.9
3373,0.00027909,34094.0
3374,0.00044721,34103.1
3375,0.00057941,34112.3
3376,0.00054171,34121.4
3377,0.00060044,34130.5
3378,0.00058728,34139.6
3379,0.00035383,34148.7
3380,0.00040181,34157.8
3381,0.00034347,34166.9
3382,0.00049898,34176.0
3383,0.00045018,34185.1
3384,0.00047008,34194.3
3385,0.00036125,34203.4
3386,0.00035849,34212.5
3387,0.00036771,34221.6
3388,0.00055739,34230.7
3389,0.00039817,34239.8
3390,0.00047290,34248.9
3391,0.00059814,34258.0
3392,0.00044882,34267.2
3393,0.00052217,34276.3
3394,0.00053549,34285.4
3395,0.00057264,34294.5
3396,0.00049441,34303.6
3397,0.00039055,34312.7
3398,0.00030010,34321.8
3399,0.00052651,34330.9
3400,0.00050838,34340.1
3401,0.00047267,34349.2
3402,0.00046942,34358.3
3403,0.00033723,34367.4
3404,0.00029584,34376.5
3405,0.00040178,34385.6
3406,0.00031250,34394.7
3407,0.00082815,34403.8
3408,0.00058158,34413.0
3409,0.00054504,34422.1
3410,0.00037089,34431.2
3411,0.00040312,34440.3
3412,0.00034892,34449.4
3413,0.00029235,34458.5
3414,0.00056951,34467.7
3415,0.00049174,34476.7
3416,0.00053907,34485.9
3417,0.00044933,34495.0
3418,0.00034723,34504.1
3419,0.00048348,34513.2
3420,0.00045299,34522.3
3421,0.00031782,34531.4
3422,0.00032403,34540.6
3423,0.00049291,34549.6
3424,0.00056083,34558.8
3425,0.00053632,34567.9
3426,0.00031426,34577.0
3427,0.00041638,34586.1
3428,0.00035303,34595.2
3429,0.00050643,34604.3
3430,0.00035385,34613.4
3431,0.00045273,34622.5
3432,0.00049979,34631.6
3433,0.00029381,34640.8
3434,0.00055937,34649.9
3435,0.00032982,34659.0
3436,0.00045766,34668.1
3437,0.00049228,34677.2
3438,0.00039675,34686.3
3439,0.00026846,34695.4
3440,0.00040410,34704.5
3441,0.00036700,34713.6
3442,0.00047423,34722.8
3443,0.00050928,34731.8
3444,0.00038899,34741.0
3445,0.00035695,34750.0
3446,0.00038778,34759.2
3447,0.00043451,34768.3
3448,0.00068062,34777.4
3449,0.00050660,34786.5
3450,0.00042418,34795.6
3451,0.00045987,34804.7
3452,0.00030322,34813.8
3453,0.00040413,34822.9
3454,0.00066756,34832.0
3455,0.00050322,34841.1
3456,0.00034924,34850.2
3457,0.00034174,34859.3
3458,0.00030825,34868.4
3459,0.00039823,34877.5
3460,0.00037746,34886.6
3461,0.00045594,34895.7
3462,0.00042723,34904.8
3463,0.00028371,34913.9
3464,0.00031308,34923.0
3465,0.00118875,34932.1
3466,0.00066306,34941.3
3467,0.00028288,34950.4
3468,0.00040373,34959.5
3469,0.00031182,34968.6
3470,0.00034141,34977.7
3471,0.00034832,34986.8
3472,0.00035606,34995.9
3473,0.00033779,35005.0
3474,0.00041442,35014.1
3475,0.00058929,35023.2
3476,0.00041129,35032.3
3477,0.00044058,35041.4
3478,0.00029862,35050.5
3479,0.00031878,35059.6
3480,0.00060557,35068.7
3481,0.00031408,35077.8
3482,0.00060408,35086.9
3483,0.00056037,35096.0
3484,0.00031752,35105.1
3485,0.00046712,35114.2
3486,0.00041233,35123.3
3487,0.00041770,35132.4
3488,0.00038231,35141.5
3489,0.00037428,35150.6
3490,0.00039397,35159.7
3491,0.00053702,35168.9
3492,0.00051498,35177.9
3493,0.00038130,35187.0
3494,0.00035312,35196.1
3495,0.00192493,35205.3
3496,0.00036119,35214.4
3497,0.00031825,35223.5
3498,0.00032494,35232.6
3499,0.00043995,35241.7
3500,0.00028491,35250.8
3501,0.00039838,35260.0
3502,0.00051423,35269.1
3503,0.00055216,35278.2
3504,0.00026597,35287.3
3505,0.00031209,35296.4
3506,0.00029460,35305.5
3507,0.00046263,35314.6
3508,0.00057180,35323.7
3509,0.00036480,35332.8
3510,0.00032555,35341.9
3511,0.00038424,35351.0
3512,0.00037316,35360.1
3513,0.00036102,35369.2
3514,0.00047444,35378.3
3515,0.00032764,35387.3
3516,0.00065002,35396.5
3517,0.00053223,35405.6
3518,0.00025666,35414.7
3519,0.00033345,35423.8
3520,0.00036014,35432.9
3521,0.00040427,35442.0
3522,0.00056699,35451.1
3523,0.00049400,35460.2
3524,0.00038644,35469.3
3525,0.00042765,35478.4
3526,0.00055794,35487.5
3527,0.00026676,35496.6
3528,0.00054854,35505.7
3529,0.00044268,35514.8
3530,0.00029572,35523.9
3531,0.00039284,35533.0
3532,0.00041747,35542.1
3533,0.00038478,35551.2
3534,0.00027982,35560.3
3535,0.00038851,35569.4
3536,0.00042751,35578.5
3537,0.00038609,35587.6
3538,0.00041344,35596.7
3539,0.00029067,35605.8
3540,0.00033561,35614.9
3541,0.00035028,35624.1
3542,0.00032785,35633.2
3543,0.00049305,35642.3
3544,0.00029719,35651.3
3545,0.00035172,35660.5
3546,0.00036748,35669.6
3547,0.00048779,35678.7
3548,0.00029575,35687.8
3549,0.00033541,35696.9
3550,0.00055841,35705.9
3551,0.00037698,35715.1
3552,0.00060421,35724.1
3553,0.00031633,35733.3
3554,0.00034516,35742.4
3555,0.00043041,35751.4
3556,0.00044622,35760.5
3557,0.00038701,35769.7
3558,0.00028016,35778.7
3559,0.00036843,35787.8
3560,0.00046578,35796.9
3561,0.00033899,35806.1
3562,0.00024423,35815.2
3563,0.00026935,35824.3
3564,0.00039330,35833.4
3565,0.00056897,35842.6
3566,0.00048264,35851.7
3567,0.00069069,35860.8
3568,0.00044864,35869.9
3569,0.00041759,35879.0
3570,0.00031970,35888.1
3571,0.00055555,35897.2
3572,0.00044107,35906.3
3573,0.00042485,35915.3
3574,0.00029456,35924.5
3575,0.00033533,35933.6
3576,0.00039528,35942.7
3577,0.00054196,35951.7
3578,0.00050681,35960.9
3579,0.00041932,35969.9
3580,0.00037172,35979.0
3581,0.00033401,35988.1
3582,0.00040157,35997.3
3583,0.00051708,36006.4
3584,0.00043427,36015.5
3585,0.00035212,36024.6
3586,0.00045205,36033.7
3587,0.00066407,36042.8
3588,0.00056579,36051.9
3589,0.00046430,36061.0
3590,0.00044300,36070.1
3591,0.00041321,36079.2
3592,0.00037861,36088.3
3593,0.00033262,36097.4
3594,0.00032467,36106.5
3595,0.00032953,36115.6
3596,0.00052019,36124.7
3597,0.00027270,36133.8
3598,0.00048379,36142.9
3599,0.00043299,36152.0
3600,0.00048810,36161.1
3601,0.00026736,36170.2
3602,0.00039622,36179.3
3603,0.00038107,36188.4
3604,0.00038599,36197.5
3605,0.00040991,36206.6
3606,0.00051180,36215.7
3607,0.00031172,36224.8
3608,0.00031186,36233.9
3609,0.00034215,36243.0
3610,0.00038262,36252.1
3611,0.00044883,36261.2
3612,0.00035515,36270.4
3613,0.00040835,36279.4
3614,0.00025123,36288.5
3615,0.00046890,36297.6
3616,0.00049374,36306.8
3617,0.00036784,36315.8
3618,0.00031277,36324.9
3619,0.00031313,36334.0
3620,0.00035265,36343.1
3621,0.00034127,36352.2
3622,0.00054911,36361.3
3623,0.00047036,36370.4
3624,0.00063562,36379.5
3625,0.00033355,36388.6
3626,0.00033242,36397.7
3627,0.00033350,36406.8
3628,0.00025750,36415.9
3629,0.00036299,36425.0
3630,0.00026276,36434.1
3631,0.00031867,36443.2
3632,0.00047982,36452.3
3633,0.00031103,36461.4
3634,0.00027321,36470.5
3635,0.00033988,36479.6
3636,0.00044796,36488.7
3637,0.00038222,36497.8
3638,0.00029791,36506.9
3639,0.00042517,36516.0
3640,0.00044960,36525.1
3641,0.00040950,36534.2
3642,0.00033114,36543.3
3643,0.00035164,36552.4
3644,0.00030749,36561.5
3645,0.00047364,36570.7
3646,0.00039767,36579.7
3647,0.00037008,36588.8
3648,0.00030178,36597.9
3649,0.00042039,36607.0
3650,0.00054625,36616.2
3651,0.00037740,36625.3
3652,0.00028083,36634.4
3653,0.00045658,36643.5
3654,0.00034682,36652.6
3655,0.00029371,36661.7
3656,0.00029321,36670.8
3657,0.00027489,36679.9
3658,0.00039092,36689.0
3659,0.00041700,36698.1
3660,0.00024508,36707.2
3661,0.00039664,36716.3
3662,0.00041721,36725.4
3663,0.00035971,36734.5
3664,0.00044499,36743.6
3665,0.00042734,36752.7
3666,0.00030782,36761.8
3667,0.00031095,36770.9
3668,0.00045583,36780.0
3669,0.00050399,36789.1
3670,0.00035794,36798.2
3671,0.00032976,36807.3
3672,0.00041904,36816.4
3673,0.00036526,36825.5
3674,0.00030006,36834.6
3675,0.00035757,36843.7
3676,0.00040136,36852.8
3677,0.00024811,36861.9
3678,0.00026095,36871.0
3679,0.00036543,36880.1
3680,0.00033219,36889.2
3681,0.00041529,36898.3
3682,0.00030914,36907.4
3683,0.00029689,36916.5
3684,0.00050527,36925.6
3685,0.00037427,36934.7
3686,0.00028688,36943.8
3687,0.00032294,36952.9
3688,0.00069229,36962.0
3689,0.00030472,36971.1
3690,0.00042642,36980.2
3691,0.00031208,36989.3
3692,0.00039373,36998.5
3693,0.00035834,37007.6
3694,0.00033149,37016.7
3695,0.00045501,37025.8
3696,0.00032227,37034.9
3697,0.00029710,37044.0
3698,0.00031753,37053.1
3699,0.00041978,37062.2
3700,0.00042702,37071.3
3701,0.00035882,37080.4
3702,0.00029750,37089.5
3703,0.00033501,37098.6
3704,0.00041792,37107.7
3705,0.00047781,37116.8
3706,0.00050685,37125.9
3707,0.00031704,37135.0
3708,0.00047945,37144.1
3709,0.00042353,37153.2
3710,0.00038667,37162.3
3711,0.00036257,37171.4
3712,0.00026923,37180.4
3713,0.00036673,37189.6
3714,0.00035458,37198.7
3715,0.00059301,37207.7
3716,0.00030396,37216.8
3717,0.00032243,37226.0
3718,0.00037587,37235.1
3719,0.00048740,37244.2
3720,0.00022882,37253.2
3721,0.00032147,37262.4
3722,0.00039101,37271.5
3723,0.00048377,37280.6
3724,0.00033790,37289.7
3725,0.00057977,37298.8
3726,0.00034765,37307.9
3727,0.00034111,37317.0
3728,0.00049481,37326.1
3729,0.00041588,37335.2
3730,0.00026285,37344.3
3731,0.00028799,37353.4
3732,0.00044984,37362.5
3733,0.00033726,37371.6
3734,0.00032419,37380.7
3735,0.00038836,37389.8
3736,0.00026674,37398.9
3737,0.00038272,37408.0
3738,0.00035307,37417.1
3739,0.00028948,37426.2
3740,0.00033220,37435.3
3741,0.00043416,37444.4
3742,0.00036334,37453.5
3743,0.00051199,37462.6
3744,0.00038713,37471.7
3745,0.00037573,37480.8
3746,0.00029747,37489.9
3747,0.00030868,37499.1
3748,0.00028691,37508.2
3749,0.00032398,37517.2
3750,0.00052163,37526.4
3751,0.00036519,37535.5
3752,0.00062085,37544.7
3753,0.00029270,37553.8
3754,0.00032469,37562.9
3755,0.00041107,37572.0
3756,0.00024908,37581.1
3757,0.00044786,37590.2
3758,0.00029444,37599.3
3759,0.00034952,37608.4
3760,0.00056834,37617.5
3761,0.00048708,37626.6
3762,0.00035599,37635.7
3763,0.00038186,37644.9
3764,0.00030799,37654.0
3765,0.00029637,37663.1
3766,0.00034397,37672.2
3767,0.00037721,37681.3
3768,0.00063475,37690.4
3769,0.00027404,37699.5
3770,0.00028901,37708.6
3771,0.00025546,37717.8
3772,0.00055848,37726.9
3773,0.00033999,37736.0
3774,0.00037941,37745.0
3775,0.00032164,37754.2
3776,0.00031175,37763.3
3777,0.00021147,37772.4
3778,0.00039902,37781.5
3779,0.00039569,37790.7
3780,0.00023916,37799.8
3781,0.00028157,37808.9
3782,0.00037376,37818.0
3783,0.00034462,37827.1
3784,0.00033150,37836.2
3785,0.00026282,37845.3
3786,0.00039078,37854.4
3787,0.00026390,37863.5
3788,0.00025572,37872.7
3789,0.00030062,37881.8
3790,0.00045282,37890.9
3791,0.00050089,37899.9
3792,0.00066357,37909.1
3793,0.00030359,37918.2
3794,0.00032432,37927.3
3795,0.00035383,37936.4
3796,0.00023766,37945.5
3797,0.00039111,37954.6
3798,0.00028855,37963.7
3799,0.00038789,37972.8
3800,0.00040102,37981.9
3801,0.00029517,37991.0
3802,0.00031896,38000.1
3803,0.00029779,38009.2
3804,0.00043336,38018.4
3805,0.00037876,38027.5
3806,0.00036945,38036.6
3807,0.00034118,38045.7
3808,0.00024559,38054.8
3809,0.00023173,38063.9
3810,0.00032341,38073.0
3811,0.00033688,38082.1
3812,0.00046572,38091.2
3813,0.00037128,38100.3
3814,0.00070202,38109.5
3815,0.00041379,38118.5
3816,0.00022317,38127.7
3817,0.00038059,38136.8
3818,0.00032677,38145.9
3819,0.00022844,38155.0
3820,0.00027425,38164.1
3821,0.00027158,38173.3
3822,0.00028111,38182.4
3823,0.00035381,38191.5
3824,0.00035199,38200.5
3825,0.00026545,38209.7
3826,0.00035278,38218.8
3827,0.00036414,38227.9
3828,0.00031952,38237.0
3829,0.00041371,38246.1
3830,0.00038013,38255.2
3831,0.00040692,38264.3
3832,0.00049020,38273.4
3833,0.00022516,38282.5
3834,0.00032530,38291.6
3835,0.00040316,38300.7
3836,0.00027707,38309.8
3837,0.00031807,38319.0
3838,0.00037221,38328.1
3839,0.00030047,38337.2
3840,0.00026556,38346.2
3841,0.00025678,38355.4
3842,0.00045429,38364.5
3843,0.00035601,38373.6
3844,0.00023136,38382.7
3845,0.00036740,38391.8
3846,0.00062146,38400.9
3847,0.00033488,38410.0
3848,0.00025290,38419.1
3849,0.00039828,38428.3
3850,0.00018855,38437.4
3851,0.00046594,38446.5
3852,0.00047758,38455.6
3853,0.00034410,38464.7
3854,0.00026352,38473.8
3855,0.00039650,38482.9
3856,0.00030939,38492.0
3857,0.00026187,38501.1
3858,0.00029751,38510.3
3859,0.00044091,38519.3
3860,0.00040700,38528.4
3861,0.00029520,38537.5
3862,0.00037217,38546.6
3863,0.00045328,38555.8
3864,0.00025934,38564.8
3865,0.00036334,38573.9
3866,0.00034846,38583.0
3867,0.00032054,38592.2
3868,0.00025866,38601.3
3869,0.00021140,38610.4
3870,0.00034212,38619.5
3871,0.00044837,38628.6
3872,0.00033953,38637.7
3873,0.00045508,38646.8
3874,0.00035225,38655.9
3875,0.00038144,38665.0
3876,0.00029411,38674.1
3877,0.00044802,38683.2
3878,0.00034786,38692.3
3879,0.00035712,38701.4
3880,0.00030161,38710.5
3881,0.00029205,38719.6
3882,0.00028078,38728.7
3883,0.00029212,38737.8
3884,0.00030834,38746.9
3885,0.00039541,38756.0
3886,0.00039738,38765.1
3887,0.00025135,38774.2
3888,0.00027522,38783.3
3889,0.00033094,38792.4
3890,0.00031539,38801.5
3891,0.00035675,38810.6
3892,0.00026437,38819.8
3893,0.00060555,38828.9
3894,0.00024972,38838.0
3895,0.00030231,38847.1
3896,0.00046804,38856.2
3897,0.00038750,38865.3
3898,0.00031988,38874.4
3899,0.00019052,38883.5
3900,0.00041669,38892.7
3901,0.00032919,38901.8
3902,0.00054325,38910.9
3903,0.00038926,38920.0
3904,0.00028359,38929.1
3905,0.00034350,38938.2
3906,0.00039036,38947.3
3907,0.00030008,38956.4
3908,0.00039153,38965.5
3909,0.00023023,38974.6
3910,0.00036264,38983.7
3911,0.00046197,38992.8
3912,0.00030140,39001.9
3913,0.00050815,39011.1
3914,0.00031529,39020.2
3915,0.00019437,39029.3
3916,0.00038561,39038.4
3917,0.00025245,39047.5
3918,0.00042662,39056.6
3919,0.00039199,39065.7
3920,0.00020647,39074.8
3921,0.00037558,39083.9
3922,0.00029890,39093.0
3923,0.00051547,39102.1
3924,0.00029476,39111.2
3925,0.00043519,39120.3
3926,0.00021763,39129.5
3927,0.00031584,39138.6
3928,0.00024564,39147.7
3929,0.00029586,39156.8
3930,0.00038378,39166.0
3931,0.00020518,39175.1
3932,0.00029137,39184.2
3933,0.00047081,39193.3
3934,0.00031740,39202.4
3935,0.00029592,39211.5
3936,0.00034510,39220.6
3937,0.00039368,39229.7
3938,0.00048241,39238.9
3939,0.00035187,39248.0
3940,0.00046632,39257.1
3941,0.00029568,39266.2
3942,0.00030046,39275.3
3943,0.00037655,39284.4
3944,0.00040246,39293.5
3945,0.00021485,39302.6
3946,0.00037262,39311.8
3947,0.00035983,39320.9
3948,0.00022663,39330.0
3949,0.00022533,39339.1
3950,0.00029272,39348.2
3951,0.00029359,39357.3
3952,0.00062638,39366.4
3953,0.00035204,39375.5
3954,0.00047805,39384.7
3955,0.00042892,39393.8
3956,0.00054126,39402.9
3957,0.00028210,39412.0
3958,0.00034004,39421.1
3959,0.00025418,39430.2
3960,0.00039999,39439.3
3961,0.00035862,39448.4
3962,0.00031686,39457.5
3963,0.00027549,39466.6
3964,0.00026970,39475.8
3965,0.00047668,39484.8
3966,0.00024843,39493.9
3967,0.00025221,39503.0
3968,0.00037130,39512.2
3969,0.00043404,39521.3
3970,0.00029208,39530.4
3971,0.00041380,39539.5
3972,0.00026501,39548.6
3973,0.00023877,39557.7
3974,0.00029442,39566.8
3975,0.00033874,39575.9
3976,0.00039562,39585.1
3977,0.00035039,39594.2
3978,0.00030181,39603.3
3979,0.00039313,39612.4
3980,0.00041861,39621.5
3981,0.00026396,39630.6
3982,0.00027023,39639.7
3983,0.00024257,39648.8
3984,0.00044840,39657.9
3985,0.00023799,39667.0
3986,0.00032768,39676.1
3987,0.00033443,39685.2
3988,0.00026719,39694.3
3989,0.00035528,39703.4
3990,0.00027916,39712.4
3991,0.00030828,39721.6
3992,0.00026738,39730.7
3993,0.00068207,39739.8
3994,0.00033184,39748.9
3995,0.00020541,39758.0
3996,0.00031828,39767.1
3997,0.00027096,39776.2
3998,0.00029705,39785.4
3999,0.00032779,39794.4
4000,0.00033411,39803.5
4001,0.00027431,39812.7
4002,0.00051963,39821.9
4003,0.00031169,39830.9
4004,0.00048062,39840.1
4005,0.00063445,39849.2
4006,0.00026012,39858.3
4007,0.00028125,39867.4
4008,0.00034199,39876.5
4009,0.00047222,39885.6
4010,0.00032051,39894.7
4011,0.00033447,39903.8
4012,0.00047658,39912.9
4013,0.00034353,39922.1
4014,0.00023714,39931.1
4015,0.00036076,39940.2
4016,0.00027502,39949.3
4017,0.00024959,39958.4
4018,0.00028245,39967.5
4019,0.00019570,39976.6
4020,0.00055192,39985.7
4021,0.00042648,39994.8
4022,0.00027009,40003.9
4023,0.00025133,40013.0
4024,0.00046916,40022.1
4025,0.00020469,40031.2
4026,0.00030228,40040.3
4027,0.00029026,40049.4
4028,0.00037349,40058.5
4029,0.00028441,40067.6
4030,0.00028853,40076.7
4031,0.00021199,40085.8
4032,0.00041164,40094.9
4033,0.00031017,40104.0
4034,0.00034499,40113.1
4035,0.00026414,40122.2
4036,0.00042585,40131.3
4037,0.00023282,40140.4
4038,0.00031148,40149.5
4039,0.00037544,40158.7
4040,0.00069204,40167.8
4041,0.00024084,40176.8
4042,0.00033825,40185.9
4043,0.00022164,40195.1
4044,0.00035722,40204.2
4045,0.00033027,40213.3
4046,0.00026939,40222.4
4047,0.00027669,40231.5
4048,0.00065655,40240.6
4049,0.00031316,40249.7
4050,0.00028719,40258.8
4051,0.00027314,40267.9
4052,0.00036668,40277.0
4053,0.00024802,40286.1
4054,0.00023399,40295.2
4055,0.00023944,40304.3
4056,0.00023213,40313.5
4057,0.00044393,40322.6
4058,0.00029272,40331.7
4059,0.00052837,40340.8
4060,0.00040864,40349.9
4061,0.00020838,40359.0
4062,0.00030624,40368.1
4063,0.00033282,40377.2
4064,0.00028115,40386.3
4065,0.00024713,40395.5
4066,0.00023663,40404.5
4067,0.00029103,40413.6
4068,0.00022837,40422.7
4069,0.00030183,40431.9
4070,0.00021727,40441.0
4071,0.00021893,40450.1
4072,0.00027288,40459.2
4073,0.00033107,40468.3
4074,0.00042153,40477.4
4075,0.00023800,40486.5
4076,0.00030856,40495.6
4077,0.00052115,40504.7
4078,0.00036063,40513.8
4079,0.00022818,40522.9
4080,0.00036144,40532.0
4081,0.00031798,40541.1
4082,0.00022605,40550.2
4083,0.00020155,40559.3
4084,0.00033917,40568.4
4085,0.00033607,40577.5
4086,0.00027301,40586.7
4087,0.00043944,40595.8
4088,0.00039471,40604.9
4089,0.00024277,40614.0
4090,0.00024452,40623.1
4091,0.00020295,40632.2
4092,0.00028500,40641.3
4093,0.00037096,40650.4
4094,0.00028932,40659.5
4095,0.00028011,40668.6
4096,0.00040880,40677.7
4097,0.00035450,40686.8
4098,0.00037167,40695.9
4099,0.00029632,40705.1
4100,0.00027047,40714.2
4101,0.00024268,40723.3
4102,0.00044629,40732.4
4103,0.00032698,40741.5
4104,0.00023943,40750.6
4105,0.00024149,40759.7
4106,0.00033289,40768.8
4107,0.00032246,40777.9
4108,0.00031317,40787.0
4109,0.00041531,40796.1
4110,0.00026403,40805.2
4111,0.00026025,40814.3
4112,0.00028743,40823.5
4113,0.00025759,40832.6
4114,0.00036323,40841.7
4115,0.00019276,40850.7
4116,0.00052841,40859.9
4117,0.00027754,40869.0
4118,0.00027916,40878.1
4119,0.00041229,40887.2
4120,0.00032830,40896.3
4121,0.00041593,40905.4
4122,0.00021166,40914.5
4123,0.00028097,40923.6
4124,0.00025503,40932.8
4125,0.00027550,40941.8
4126,0.00015673,40950.9
4127,0.00046007,40960.0
4128,0.00026085,40969.2
4129,0.00036386,40978.3
4130,0.00033206,40987.4
4131,0.00023333,40996.5
4132,0.00028598,41005.6
4133,0.00023762,41014.7
4134,0.00023756,41023.8
4135,0.00019894,41032.9
4136,0.00047747,41042.0
4137,0.00026148,41051.1
4138,0.00026097,41060.2
4139,0.00042913,41069.3
4140,0.00026012,41078.4
4141,0.00050034,41087.5
4142,0.00014594,41096.6
4143,0.00016248,41105.7
4144,0.00038471,41114.8
4145,0.00028421,41123.9
4146,0.00020767,41133.0
4147,0.00017460,41142.1
4148,0.00044737,41151.2
4149,0.00027042,41160.4
4150,0.00052659,41169.4
4151,0.00042353,41178.5
4152,0.00022894,41187.6
4153,0.00036453,41196.8
4154,0.00027563,41205.8
4155,0.00021178,41214.9
4156,0.00034368,41224.0
4157,0.00024313,41233.1
4158,0.00038203,41242.2
4159,0.00024915,41251.3
4160,0.00036038,41260.4
4161,0.00025840,41269.5
4162,0.00041217,41278.6
4163,0.00028603,41287.7
4164,0.00023580,41296.8
4165,0.00029003,41305.9
4166,0.00020607,41315.0
4167,0.00030880,41324.1
4168,0.00029042,41333.2
4169,0.00029617,41342.3
4170,0.00020641,41351.4
4171,0.00031712,41360.5
4172,0.00032446,41369.5
4173,0.00022506,41378.6
4174,0.00031500,41387.7
4175,0.00019194,41396.8
4176,0.00023149,41405.9
4177,0.00030237,41415.0
4178,0.00030049,41424.1
4179,0.00032100,41433.2
4180,0.00047484,41442.3
4181,0.00031231,41451.4
4182,0.00027090,41460.5
4183,0.00032701,41469.6
4184,0.00025973,41478.7
4185,0.00026250,41487.8
4186,0.00016903,41496.8
4187,0.00020541,41505.9
4188,0.00033886,41515.0
4189,0.00042032,41524.1
4190,0.00032388,41533.2
4191,0.00014975,41542.3
4192,0.00016632,41551.4
4193,0.00043252,41560.5
4194,0.00023805,41569.6
4195,0.00038202,41578.7
4196,0.00033853,41587.8
4197,0.00024945,41596.9
4198,0.00024816,41606.0
4199,0.00034789,41615.1
4200,0.00019354,41624.2
4201,0.00037580,41633.3
4202,0.00061624,41642.4
4203,0.00026996,41651.5
4204,0.00017594,41660.6
4205,0.00019575,41669.7
4206,0.00021204,41678.8
4207,0.00028536,41687.9
4208,0.00029392,41697.0
4209,0.00020437,41706.1
4210,0.00054224,41715.1
4211,0.00038658,41724.3
4212,0.00027901,41733.4
4213,0.00037657,41742.5
4214,0.00023687,41751.6
4215,0.00039549,41760.6
4216,0.00025547,41769.7
4217,0.00034526,41778.8
4218,0.00030646,41787.9
4219,0.00028463,41797.0
4220,0.00029305,41806.1
4221,0.00020093,41815.2
4222,0.00030697,41824.3
4223,0.00025353,41833.4
4224,0.00028292,41842.5
4225,0.00024305,41851.6
4226,0.00029101,41860.7
4227,0.00041011,41869.8
4228,0.00030040,41878.9
4229,0.00015716,41888.0
4230,0.00038860,41897.0
4231,0.00029838,41906.1
4232,0.00023257,41915.2
4233,0.00020296,41924.3
4234,0.00037044,41933.4
4235,0.00049031,41942.5
4236,0.00016409,41951.6
4237,0.00026011,41960.7
4238,0.00033005,41969.8
4239,0.00035449,41978.9
4240,0.00019637,41988.0
4241,0.00038622,41997.1
4242,0.00017392,42006.2
4243,0.00034618,42015.3
4244,0.00028761,42024.4
4245,0.00038085,42033.5
4246,0.00050460,42042.6
4247,0.00037048,42051.7
4248,0.00026203,42060.8
4249,0.00024587,42069.9
4250,0.00019069,42079.0
4251,0.00022083,42088.2
4252,0.00029478,42097.3
4253,0.00026627,42106.4
4254,0.00015734,42115.5
4255,0.00029227,42124.6
4256,0.00048581,42133.7
4257,0.00041077,42142.8
4258,0.00026954,42151.9
4259,0.00021718,42161.0
4260,0.00024565,42170.1
4261,0.00040723,42179.2
4262,0.00018915,42188.3
4263,0.00025416,42197.5
4264,0.00030089,42206.6
4265,0.00056281,42215.6
4266,0.00051017,42224.7
4267,0.00018287,42233.8
4268,0.00024256,42243.0
4269,0.00021419,42252.1
4270,0.00029609,42261.2
4271,0.00029975,42270.3
4272,0.00035974,42279.4
4273,0.00021481,42288.5
4274,0.00022608,42297.6
4275,0.00025676,42306.6
4276,0.00024623,42315.8
4277,0.00021835,42324.9
4278,0.00030240,42334.0
4279,0.00024888,42343.0
4280,0.00025858,42352.2
4281,0.00039382,42361.3
4282,0.00036146,42370.3
4283,0.00020487,42379.4
4284,0.00027099,42388.6
4285,0.00037912,42397.7
4286,0.00016362,42406.8
4287,0.00024522,42415.9
4288,0.00039188,42425.0
4289,0.00020888,42434.1
4290,0.00022128,42443.2
4291,0.00034747,42452.3
4292,0.00021972,42461.5
4293,0.00039675,42470.6
4294,0.00033980,42479.6
4295,0.00024935,42488.7
4296,0.00026279,42497.9
4297,0.00019594,42506.9
4298,0.00023627,42516.0
4299,0.00033024,42525.1
4300,0.00028981,42534.2
4301,0.00031124,42543.3
4302,0.00032067,42552.4
4303,0.00033381,42561.5
4304,0.00035190,42570.6
4305,0.00017666,42579.8
4306,0.00016763,42588.9
4307,0.00031284,42597.9
4308,0.00039392,42607.0
4309,0.00032502,42616.2
4310,0.00026429,42625.3
4311,0.00019101,42634.4
4312,0.00035676,42643.5
4313,0.00018660,42652.6
4314,0.00050825,42661.7
4315,0.00038120,42670.8
4316,0.00016700,42679.9
4317,0.00025458,42689.0
4318,0.00025322,42698.1
4319,0.00019481,42707.2
4320,0.00023723,42716.3
4321,0.00020316,42725.5
4322,0.00017615,42734.6
4323,0.00028986,42743.7
4324,0.00043259,42752.8
4325,0.00024358,42761.9
4326,0.00027261,42771.0
4327,0.00030848,42780.1
4328,0.00026545,42789.2
4329,0.00024517,42798.4
4330,0.00027975,42807.4
4331,0.00024975,42816.5
4332,0.00023357,42825.6
4333,0.00043777,42834.7
4334,0.00026833,42843.9
4335,0.00016447,42853.0
4336,0.00043990,42862.1
4337,0.00028952,42871.2
4338,0.00021924,42880.3
4339,0.00021181,42889.4
4340,0.00025633,42898.5
4341,0.00026501,42907.6
4342,0.00023983,42916.7
4343,0.00028968,42925.8
4344,0.00031781,42934.9
4345,0.00031216,42944.0
4346,0.00053812,42953.2
4347,0.00024236,42962.2
4348,0.00019255,42971.3
4349,0.00022516,42980.4
4350,0.00023907,42989.6
4351,0.00035208,42998.7
4352,0.00027403,43007.8
4353,0.00024849,43016.8
4354,0.00019059,43026.0
4355,0.00018774,43035.1
4356,0.00021889,43044.2
4357,0.00036248,43053.3
4358,0.00034173,43062.4
4359,0.00032711,43071.5
4360,0.00026608,43080.6
4361,0.00033973,43089.7
4362,0.00021224,43098.8
4363,0.00018307,43108.0
4364,0.00031225,43117.1
4365,0.00034881,43126.1
4366,0.00029505,43135.2
4367,0.00022773,43144.4
4368,0.00049087,43153.5
4369,0.00029528,43162.6
4370,0.00018099,43171.7
4371,0.00022792,43180.8
4372,0.00023114,43189.9
4373,0.00026488,43199.0
4374,0.00020564,43208.1
4375,0.00032327,43217.2
4376,0.00036492,43226.3
4377,0.00030892,43235.4
4378,0.00020094,43244.5
4379,0.00016084,43253.7
4380,0.00043212,43262.7
4381,0.00020700,43271.8
4382,0.00032450,43280.9
4383,0.00023689,43290.1
4384,0.00036906,43299.1
4385,0.00029384,43308.3
4386,0.00018597,43317.4
4387,0.00047233,43326.5
4388,0.00022259,43335.6
4389,0.00021576,43344.7
4390,0.00022268,43353.8
4391,0.00027184,43362.9
4392,0.00038177,43372.0
4393,0.00061007,43381.1
4394,0.00014851,43390.2
4395,0.00022209,43399.3
4396,0.00015308,43408.4
4397,0.00033039,43417.5
4398,0.00063720,43426.6
4399,0.00030581,43435.7
4400,0.00020822,43444.8
4401,0.00025556,43453.9
4402,0.00025233,43463.0
4403,0.00030250,43472.1
4404,0.00036100,43481.2
4405,0.00020358,43490.4
4406,0.00015538,43499.4
4407,0.00017373,43508.5
4408,0.00023656,43517.7
4409,0.00040202,43526.8
4410,0.00038527,43535.9
4411,0.00037315,43545.0
4412,0.00017312,43554.1
4413,0.00018600,43563.2
4414,0.00034822,43572.3
4415,0.00030676,43581.4
4416,0.00021773,43590.5
4417,0.00017637,43599.6
4418,0.00036521,43608.7
4419,0.00018629,43617.8
4420,0.00030958,43626.9
4421,0.00020361,43636.0
4422,0.00039593,43645.1
4423,0.00031849,43654.2
4424,0.00022067,43663.3
4425,0.00047318,43672.4
4426,0.00028513,43681.5
4427,0.00023655,43690.6
4428,0.00027882,43699.7
4429,0.00025609,43708.9
4430,0.00017689,43718.0
4431,0.00018152,43727.0
4432,0.00061619,43736.2
4433,0.00031510,43745.3
4434,0.00032670,43754.4
4435,0.00031410,43763.5
4436,0.00013497,43772.6
4437,0.00018049,43781.8
4438,0.00024801,43790.9
4439,0.00015215,43800.0
4440,0.00030069,43809.1
4441,0.00055286,43818.2
4442,0.00016367,43827.3
4443,0.00025611,43836.4
4444,0.00024811,43845.5
4445,0.00043382,43854.6
4446,0.00013808,43863.7
4447,0.00023149,43872.8
4448,0.00018359,43881.9
4449,0.00025109,43891.0
4450,0.00018871,43900.1
4451,0.00020393,43909.2
4452,0.00026377,43918.3
4453,0.00026138,43927.5
4454,0.00033655,43936.6
4455,0.00039042,43945.7
4456,0.00024798,43954.8
4457,0.00018569,43963.9
4458,0.00015518,43973.0
4459,0.00027257,43982.1
4460,0.00028065,43991.2
4461,0.00019935,44000.3
4462,0.00033044,44009.5
4463,0.00027444,44018.8
4464,0.00039840,44027.9
4465,0.00022798,44037.1
4466,0.00025149,44046.3
4467,0.00038496,44055.4
4468,0.00025043,44064.5
4469,0.00013313,44073.6
4470,0.00027008,44082.8
4471,0.00024269,44091.9
4472,0.00016295,44101.0
4473,0.00080199,44110.1
4474,0.00024618,44119.2
4475,0.00019234,44128.4
4476,0.00025327,44137.5
4477,0.00027411,44146.6
4478,0.00020839,44155.7
4479,0.00026517,44164.8
4480,0.00018213,44173.9
4481,0.00028226,44183.0
4482,0.00015842,44192.2
4483,0.00032011,44201.2
4484,0.00045959,44210.4
4485,0.00015079,44219.5
4486,0.00019936,44228.6
4487,0.00032761,44237.7
4488,0.00016574,44246.8
4489,0.00017692,44255.9
4490,0.00023200,44265.1
4491,0.00030966,44321.1
4492,0.00044562,44330.2
4493,0.00021750,44339.4
4494,0.00032208,44348.5
4495,0.00026973,44357.8
4496,0.00019232,44366.9
4497,0.00016352,44376.0
4498,0.00028154,44385.2
4499,0.00036975,44394.3
4500,0.00014108,44403.4
4501,0.00027367,44412.6
4502,0.00043301,44421.8
4503,0.00017305,44430.9
4504,0.00041210,44440.0
4505,0.00018103,44449.1
4506,0.00034789,44458.2
4507,0.00018979,44467.5
4508,0.00019355,44476.7
4509,0.00022503,44485.9
4510,0.00027375,44495.1
4511,0.00020686,44504.3
4512,0.00025475,44513.6
4513,0.00051087,44522.9
4514,0.00020141,44532.0
4515,0.00013507,44541.2
4516,0.00017438,44550.3
4517,0.00025413,44559.4
4518,0.00039807,44568.4
4519,0.00028779,44577.6
4520,0.00016926,44586.7
4521,0.00012803,44595.8
4522,0.00026480,44604.9
4523,0.00023168,44614.0
4524,0.00026137,44623.1
4525,0.00018131,44632.2
4526,0.00041736,44641.3
4527,0.00022347,44650.4
4528,0.00021464,44659.5
4529,0.00036897,44668.6
4530,0.00030892,44677.7
4531,0.00018410,44686.9
4532,0.00019897,44696.0
4533,0.00015808,44705.1
4534,0.00025907,44714.2
4535,0.00029809,44723.3
4536,0.00052156,44732.4
4537,0.00018830,44741.5
4538,0.00031717,44750.6
4539,0.00021803,44759.7
4540,0.00017480,44768.8
4541,0.00019710,44777.9
4542,0.00015694,44787.0
4543,0.00025382,44796.1
4544,0.00017852,44805.2
4545,0.00034191,44814.3
4546,0.00021939,44823.4
4547,0.00024647,44832.5
4548,0.00026169,44841.7
4549,0.00038866,44850.8
4550,0.00016797,44859.9
4551,0.00020375,44869.0
4552,0.00016510,44878.1
4553,0.00018197,44887.2
4554,0.00020249,44896.3
4555,0.00026942,44905.5
4556,0.00024424,44914.6
4557,0.00022233,44923.7
4558,0.00020473,44932.8
4559,0.00015932,44941.9
4560,0.00041033,44951.0
4561,0.00045161,44960.2
4562,0.00032713,44969.2
4563,0.00016705,44978.3
4564,0.00021528,44987.5
4565,0.00015589,44996.6
4566,0.00012586,45005.7
4567,0.00014092,45014.8
4568,0.00032657,45023.9
4569,0.00033993,45033.0
4570,0.00026637,45042.1
4571,0.00035445,45051.2
4572,0.00018742,45060.3
4573,0.00018012,45069.4
4574,0.00032895,45078.5
4575,0.00026382,45087.6
4576,0.00016094,45096.7
4577,0.00011115,45105.8
4578,0.00036187,45115.0
4579,0.00021147,45124.1
4580,0.00017847,45133.2
4581,0.00025819,45142.3
4582,0.00021596,45151.4
4583,0.00024473,45160.5
4584,0.00020460,45169.6
4585,0.00043736,45178.7
4586,0.00037849,45187.8
4587,0.00030743,45196.9
4588,0.00027949,45206.0
4589,0.00029383,45215.1
4590,0.00014182,45224.2
4591,0.00013723,45233.3
4592,0.00023737,45242.4
4593,0.00032031,45251.5
4594,0.00022766,45260.6
4595,0.00019226,45269.7
4596,0.00025326,45278.8
4597,0.00029103,45287.9
4598,0.00031483,45297.0
4599,0.00021197,45306.2
4600,0.00014299,45315.2
4601,0.00031712,45324.3
4602,0.00036235,45333.4
4603,0.00029003,45342.6
4604,0.00020947,45351.7
4605,0.00013580,45360.8
4606,0.00023004,45369.9
4607,0.00015175,45379.0
4608,0.00024878,45388.0
4609,0.00026630,45397.1
4610,0.00013268,45406.3
4611,0.00041274,45415.4
4612,0.00043273,45424.5
4613,0.00028302,45433.6
4614,0.00020768,45442.7
4615,0.00016685,45451.8
4616,0.00018440,45460.9
4617,0.00032593,45470.0
4618,0.00022566,45479.1
4619,0.00033111,45488.2
4620,0.00025721,45497.3
4621,0.00013825,45506.4
4622,0.00024414,45515.5
4623,0.00020850,45524.7
4624,0.00023775,45533.8
4625,0.00036111,45542.9
4626,0.00024719,45552.0
4627,0.00035880,45561.1
4628,0.00011720,45570.2
4629,0.00031745,45579.3
4630,0.00049270,45588.4
4631,0.00027406,45597.5
4632,0.00013783,45606.7
4633,0.00019534,45615.7
4634,0.00014193,45624.8
4635,0.00043918,45633.9
4636,0.00028321,45643.1
4637,0.00017413,45652.2
4638,0.00020227,45661.3
4639,0.00017115,45670.4
4640,0.00040257,45679.5
4641,0.00020201,45688.6
4642,0.00050352,45697.7
4643,0.00033977,45706.9
4644,0.00019539,45716.0
4645,0.00010391,45725.1
4646,0.00011682,45734.3
4647,0.00016453,45743.4
4648,0.00041897,45752.5
4649,0.00033117,45761.6
4650,0.00018674,45770.7
4651,0.00030927,45779.8
4652,0.00019392,45788.9
4653,0.00019075,45798.0
4654,0.00013890,45807.1
4655,0.00024915,45816.2
4656,0.00011101,45825.3
4657,0.00026364,45834.4
4658,0.00027745,45843.5
4659,0.00030454,45852.6
4660,0.00013346,45861.7
4661,0.00020812,45870.9
4662,0.00023711,45880.0
4663,0.00030888,45889.1
4664,0.00022513,45898.2
4665,0.00021543,45907.3
4666,0.00020247,45916.4
4667,0.00036153,45925.5
4668,0.00017181,45934.6
4669,0.00029270,45943.7
4670,0.00013198,45952.8
4671,0.00036417,45961.9
4672,0.00026448,45971.0
4673,0.00013152,45980.1
4674,0.00018556,45989.2
4675,0.00025541,45998.3
4676,0.00034737,46007.3
4677,0.00012927,46016.5
4678,0.00017236,46025.6
4679,0.00019976,46034.7
4680,0.00022497,46043.7
4681,0.00027955,46052.9
4682,0.00025210,46061.9
4683,0.00028893,46071.0
4684,0.00022825,46080.1
4685,0.00018321,46089.2
4686,0.00016883,46098.3
4687,0.00053007,46107.4
4688,0.00015720,46116.5
4689,0.00015299,46125.6
4690,0.00020204,46134.7
4691,0.00014756,46143.8
4692,0.00037481,46152.9
4693,0.00024909,46162.0
4694,0.00024614,46171.2
4695,0.00021209,46180.3
4696,0.00020516,46189.4
4697,0.00025953,46198.5
4698,0.00014765,46207.6
4699,0.00018258,46216.7
4700,0.00032467,46225.8
4701,0.00018892,46234.9
4702,0.00018863,46244.0
4703,0.00023706,46253.1
4704,0.00024379,46262.2
4705,0.00022960,46271.3
4706,0.00030514,46280.4
4707,0.00018378,46289.6
4708,0.00043553,46298.6
4709,0.00019789,46307.8
4710,0.00020211,46316.8
4711,0.00031588,46326.0
4712,0.00014212,46335.1
4713,0.00019011,46344.2
4714,0.00033396,46353.3
4715,0.00020159,46362.4
4716,0.00040014,46371.5
4717,0.00015885,46380.6
4718,0.00021407,46389.7
4719,0.00032257,46398.8
4720,0.00011089,46407.9
4721,0.00018207,46417.0
4722,0.00040439,46426.1
4723,0.00023756,46435.2
4724,0.00012590,46444.4
4725,0.00011610,46453.4
4726,0.00048479,46462.6
4727,0.00025844,46471.7
4728,0.00017050,46480.8
4729,0.00013092,46489.9
4730,0.00022552,46499.0
4731,0.00012794,46508.2
4732,0.00039805,46517.3
4733,0.00021312,46526.4
4734,0.00013973,46535.5
4735,0.00045992,46544.6
4736,0.00016014,46553.7
4737,0.00027548,46562.8
4738,0.00034786,46571.9
4739,0.00016972,46581.0
4740,0.00026789,46590.2
4741,0.00022463,46599.3
4742,0.00024768,46608.4
4743,0.00012518,46617.4
4744,0.00012092,46626.6
4745,0.00010686,46635.7
4746,0.00046144,46644.8
4747,0.00029064,46653.9
4748,0.00029163,46663.0
4749,0.00064769,46672.1
4750,0.00022930,46681.2
4751,0.00030382,46690.4
4752,0.00012829,46699.5
4753,0.00019143,46708.6
4754,0.00017898,46717.7
4755,0.00019209,46726.8
4756,0.00030587,46735.9
4757,0.00023483,46745.0
4758,0.00029496,46754.1
4759,0.00026145,46763.2
4760,0.00011354,46772.3
4761,0.00010517,46781.4
4762,0.00021879,46790.5
4763,0.00018048,46799.6
4764,0.00022726,46808.7
4765,0.00023007,46817.7
4766,0.00018497,46826.9
4767,0.00023556,46836.0
4768,0.00014030,46845.0
4769,0.00020644,46854.1
4770,0.00029860,46863.3
4771,0.00038896,46872.3
4772,0.00023098,46881.4
4773,0.00019424,46890.5
4774,0.00026145,46899.6
4775,0.00028693,46908.7
4776,0.00016550,46917.8
4777,0.00018834,46926.9
4778,0.00011924,46936.0
4779,0.00014720,46945.2
4780,0.00043233,46954.2
4781,0.00037775,46963.3
4782,0.00013699,46972.4
4783,0.00033477,46981.5
4784,0.00019009,46990.6
4785,0.00039145,46999.7
4786,0.00034127,47008.8
4787,0.00031724,47017.9
4788,0.00022822,47027.0
4789,0.00012736,47036.1
4790,0.00012193,47045.2
4791,0.00032029,47054.3
4792,0.00030142,47063.4
4793,0.00022778,47072.5
4794,0.00026686,47081.6
4795,0.00021407,47090.7
4796,0.00014891,47099.8
4797,0.00028180,47108.9
4798,0.00013809,47118.0
4799,0.00035053,47127.1
4800,0.00011340,47136.2
4801,0.00018465,47145.3
4802,0.00041141,47154.4
4803,0.00016803,47163.5
4804,0.00026907,47172.6
4805,0.00026042,47181.7
4806,0.00040530,47190.8
4807,0.00037283,47199.8
4808,0.00022015,47208.9
4809,0.00013739,47218.1
4810,0.00017153,47227.1
4811,0.00020903,47236.2
4812,0.00028702,47245.3
4813,0.00017105,47254.5
4814,0.00013208,47263.6
4815,0.00011379,47272.7
4816,0.00022521,47281.8
4817,0.00033740,47290.9
4818,0.00027543,47300.0
4819,0.00036572,47309.1
4820,0.00020688,47318.2
4821,0.00015765,47327.3
4822,0.00026291,47336.4
4823,0.00024381,47345.5
4824,0.00031730,47354.6
4825,0.00011098,47363.7
4826,0.00011950,47372.9
4827,0.00018264,47381.9
4828,0.00034051,47391.0
4829,0.00024890,47400.1
4830,0.00025475,47409.2
4831,0.00017147,47418.3
4832,0.00017560,47427.4
4833,0.00021142,47436.5
4834,0.00019555,47445.6
4835,0.00014694,47454.7
4836,0.00022629,47463.8
4837,0.00019135,47472.9
4838,0.00029360,47482.0
4839,0.00017126,47491.1
4840,0.00017748,47500.2
4841,0.00013625,47509.3
4842,0.00070862,47518.4
4843,0.00023523,47527.5
4844,0.00020432,47536.6
4845,0.00013165,47545.7
4846,0.00029219,47554.8
4847,0.00036204,47563.9
4848,0.00019421,47573.0
4849,0.00011759,47582.1
4850,0.00013412,47591.2
4851,0.00038446,47600.3
4852,0.00054483,47609.4
4853,0.00012060,47618.5
4854,0.00013844,47627.6
4855,0.00028001,47636.7
4856,0.00019248,47645.8
4857,0.00013080,47654.8
4858,0.00022131,47664.0
4859,0.00028974,47673.0
4860,0.00029509,47682.1
4861,0.00016157,47691.2
4862,0.00016424,47700.3
4863,0.00048699,47709.4
4864,0.00034181,47718.5
4865,0.00015947,47727.5
4866,0.00016035,47736.6
4867,0.00017319,47745.7
4868,0.00027269,47754.8
4869,0.00018780,47763.9
4870,0.00014499,47773.0
4871,0.00013271,47782.1
4872,0.00022400,47791.2
4873,0.00018723,47800.3
4874,0.00044411,47809.4
4875,0.00024891,47818.5
4876,0.00015854,47827.5
4877,0.00026912,47836.6
4878,0.00014433,47845.7
4879,0.00009545,47854.8
4880,0.00048709,47864.0
4881,0.00025580,47873.1
4882,0.00012732,47882.1
4883,0.00027386,47891.3
4884,0.00016453,47900.4
4885,0.00017393,47909.5
4886,0.00026689,47918.6
4887,0.00039534,47927.6
4888,0.00035069,47936.8
4889,0.00025576,47945.8
4890,0.00019334,47954.9
4891,0.00020973,47964.0
4892,0.00018670,47973.1
4893,0.00022789,47982.2
4894,0.00010834,47991.3
4895,0.00013709,48000.4
4896,0.00013534,48009.5
4897,0.00030806,48018.6
4898,0.00037849,48027.7
4899,0.00028501,48036.7
4900,0.00013132,48045.8
4901,0.00014997,48055.0
4902,0.00018697,48064.1
4903,0.00022170,48073.1
4904,0.00024142,48082.2
4905,0.00036051,48091.3
4906,0.00033168,48100.4
4907,0.00013303,48109.5
4908,0.00016007,48118.6
4909,0.00025166,48127.7
4910,0.00010657,48136.8
4911,0.00020847,48145.9
4912,0.00027891,48155.0
4913,0.00015082,48164.1
4914,0.00023344,48173.2
4915,0.00019186,48182.3
4916,0.00019883,48191.4
4917,0.00084392,48200.5
4918,0.00024239,48209.7
4919,0.00012907,48218.8
4920,0.00011357,48228.0
4921,0.00011305,48237.1
4922,0.00042590,48246.2
4923,0.00021526,48255.3
4924,0.00011965,48264.4
4925,0.00027480,48273.5
4926,0.00022166,48282.6
4927,0.00012057,48291.7
4928,0.00026821,48300.8
4929,0.00036376,48309.9
4930,0.00030511,48319.0
4931,0.00019049,48328.2
4932,0.00013568,48337.4
4933,0.00014979,48346.5
4934,0.00015798,48355.7
4935,0.00013350,48364.8
4936,0.00017202,48373.9
4937,0.00022725,48383.0
4938,0.00070384,48392.0
4939,0.00019214,48401.2
4940,0.00021809,48410.3
4941,0.00030852,48419.4
4942,0.00015618,48428.5
4943,0.00018757,48437.6
4944,0.00017847,48446.7
4945,0.00012302,48455.8
4946,0.00037424,48464.9
4947,0.00018113,48474.0
4948,0.00020234,48483.1
4949,0.00011906,48492.2
4950,0.00011611,48501.3
4951,0.00020272,48510.4
4952,0.00027382,48519.5
4953,0.00013731,48528.6
4954,0.00030145,48537.7
4955,0.00039209,48546.8
4956,0.00033008,48555.9
4957,0.00020669,48565.0
4958,0.00018506,48574.1
4959,0.00021345,48583.2
4960,0.00016872,48592.3
4961,0.00014899,48601.4
4962,0.00012148,48610.5
4963,0.00014439,48619.6
4964,0.00019177,48628.7
4965,0.00012995,48637.8
4966,0.00032556,48646.9
4967,0.00061063,48656.0
4968,0.00022159,48665.1
4969,0.00045366,48674.2
4970,0.00014111,48683.3
4971,0.00011386,48692.4
4972,0.00020350,48701.5
4973,0.00026892,48710.6
4974,0.00009459,48719.7
4975,0.00021739,48728.8
4976,0.00018269,48738.2
4977,0.00025780,48747.3
4978,0.00043143,48756.5
4979,0.00016935,48765.6
4980,0.00012813,48774.7
4981,0.00013721,48783.8
4982,0.00029114,48793.0
4983,0.00026263,48802.0
4984,0.00016156,48811.1
4985,0.00023595,48820.2
4986,0.00024963,48829.3
4987,0.00026696,48838.4
4988,0.00011834,48847.5
4989,0.00018517,48856.6
4990,0.00026607,48865.7
4991,0.00027955,48874.8
4992,0.00018236,48883.9
4993,0.00017109,48893.0
4994,0.00021864,48902.1
4995,0.00016826,48911.2
4996,0.00024234,48920.3
4997,0.00025889,48929.4
4998,0.00024196,48938.5
4999,0.00020465,48947.6
5000,0.00024220,48956.7
5001,0.00039620,48965.9
5002,0.00012264,48975.0
5003,0.00014156,48984.1
5004,0.00022569,48993.2
5005,0.00027457,49002.3
5006,0.00028051,49011.4
5007,0.00013428,49020.5
5008,0.00022514,49029.6
5009,0.00017549,49038.7
5010,0.00026478,49047.8
5011,0.00032922,49057.0
5012,0.00021187,49066.1
5013,0.00022348,49075.2
5014,0.00022853,49084.3
5015,0.00018099,49093.4
5016,0.00023032,49102.5
5017,0.00020546,49111.6
5018,0.00017455,49120.7
5019,0.00010687,49129.8
5020,0.00021154,49138.9
5021,0.00013598,49148.0
5022,0.00026462,49157.1
5023,0.00023815,49166.2
5024,0.00010940,49175.4
5025,0.00019537,49184.5
5026,0.00025691,49193.6
5027,0.00033234,49202.7
5028,0.00011014,49211.8
5029,0.00024463,49220.9
5030,0.00039060,49230.0
5031,0.00018870,49239.1
5032,0.00023272,49248.2
5033,0.00030971,49257.3
5034,0.00012949,49266.4
5035,0.00036630,49275.5
5036,0.00010280,49284.6
5037,0.00024643,49293.8
5038,0.00014160,49302.9
5039,0.00023786,49312.0
5040,0.00038270,49321.1
5041,0.00009151,49330.2
5042,0.00028135,49339.4
5043,0.00026671,49348.5
5044,0.00012812,49357.6
5045,0.00009259,49366.6
5046,0.00014330,49375.7
5047,0.00023955,49384.9
5048,0.00025324,49393.9
5049,0.00017313,49403.1
5050,0.00035441,49412.2
5051,0.00015135,49421.3
5052,0.00029570,49430.5
5053,0.00029540,49439.6
5054,0.00016446,49448.7
5055,0.00019448,49457.8
5056,0.00008225,49466.9
5057,0.00023184,49476.0
5058,0.00022974,49485.2
5059,0.00019931,49494.3
5060,0.00017254,49503.4
5061,0.00014781,49512.5
5062,0.00028137,49521.6
5063,0.00026862,49530.7
5064,0.00013966,49539.8
5065,0.00015603,49548.9
5066,0.00038501,49558.0
5067,0.00014905,49567.1
5068,0.00019558,49576.2
5069,0.00020235,49585.3
5070,0.00021344,49594.4
5071,0.00024811,49603.5
5072,0.00011263,49612.6
5073,0.00026869,49621.7
5074,0.00029743,49630.8
5075,0.00014368,49639.9
5076,0.00018752,49649.0
5077,0.00015988,49658.1
5078,0.00015819,49667.2
5079,0.00009894,49676.3
5080,0.00015127,49685.4
5081,0.00039423,49694.5
5082,0.00034442,49703.6
5083,0.00010073,49712.6
5084,0.00019487,49721.8
5085,0.00026430,49730.9
5086,0.00026684,49740.0
5087,0.00013334,49749.0
5088,0.00019731,49758.1
5089,0.00022000,49767.2
5090,0.00013390,49776.3
5091,0.00009047,49785.4
5092,0.00022310,49794.5
5093,0.00014182,49803.6
5094,0.00018931,49812.7
5095,0.00019794,49821.8
5096,0.00035508,49830.9
5097,0.00037917,49840.0
5098,0.00012209,49849.1
5099,0.00018897,49858.2
5100,0.00021762,49867.3
5101,0.00010989,49876.4
5102,0.00011081,49885.5
5103,0.00048016,49894.6
5104,0.00044105,49903.7
5105,0.00030814,49912.8
5106,0.00015112,49921.9
5107,0.00014092,49931.0
5108,0.00012261,49940.1
5109,0.00009795,49949.2
5110,0.00025598,49958.3
5111,0.00030960,49967.3
5112,0.00022160,49976.5
5113,0.00025526,49985.6
5114,0.00017644,49994.7
5115,0.00029468,50003.7
5116,0.00018896,50012.8
5117,0.00029282,50021.9
5118,0.00009276,50031.0
5119,0.00017455,50040.1
5120,0.00012182,50049.2
5121,0.00026902,50058.4
5122,0.00015235,50067.4
5123,0.00014174,50076.5
5124,0.00011877,50085.6
5125,0.00025765,50094.7
5126,0.00022805,50103.8
5127,0.00019851,50112.9
5128,0.00010836,50122.0
5129,0.00047350,50131.1
5130,0.00021274,50140.2
5131,0.00010102,50149.3
5132,0.00020861,50158.4
5133,0.00020740,50167.5
5134,0.00018464,50176.6
5135,0.00043049,50185.6
5136,0.00035259,50194.7
5137,0.00023752,50203.9
5138,0.00012979,50213.0
5139,0.00013652,50222.1
5140,0.00020780,50231.2
5141,0.00018973,50240.3
5142,0.00013517,50249.4
5143,0.00008704,50258.5
5144,0.00014884,50267.6
5145,0.00049746,50276.6
5146,0.00011174,50285.7
5147,0.00018589,50294.9
5148,0.00024334,50304.0
5149,0.00012208,50313.0
5150,0.00017678,50322.1
5151,0.00016044,50331.3
5152,0.00011119,50340.4
5153,0.00028206,50349.5
5154,0.00017057,50358.5
5155,0.00031298,50367.7
5156,0.00049602,50376.8
5157,0.00015137,50385.9
5158,0.00016142,50394.9
5159,0.00016179,50404.0
5160,0.00016862,50413.1
5161,0.00036905,50422.2
5162,0.00038365,50431.3
5163,0.00011803,50440.4
5164,0.00012783,50449.5
5165,0.00012617,50458.6
5166,0.00019039,50467.7
5167,0.00015946,50476.9
5168,0.00029401,50486.0
5169,0.00018949,50495.1
5170,0.00033045,50504.1
5171,0.00018763,50513.3
5172,0.00013831,50522.4
5173,0.00018565,50531.4
5174,0.00013591,50540.5
5175,0.00041282,50549.6
5176,0.00009622,50558.7
5177,0.00015499,50567.8
5178,0.00013029,50576.9
5179,0.00013407,50586.0
5180,0.00032810,50595.1
5181,0.00014445,50604.2
5182,0.00024762,50613.3
5183,0.00013401,50622.4
5184,0.00010488,50631.5
5185,0.00020714,50640.6
5186,0.00022343,50649.7
5187,0.00035295,50658.8
5188,0.00017106,50667.9
5189,0.00011358,50677.0
5190,0.00043509,50686.1
5191,0.00016212,50695.2
5192,0.00019416,50704.3
5193,0.00018773,50713.4
5194,0.00019700,50722.5
5195,0.00017315,50731.6
5196,0.00016725,50740.7
5197,0.00026096,50749.8
5198,0.00021953,50758.9
5199,0.00008469,50768.0
5200,0.00013938,50777.1
5201,0.00016482,50786.2
5202,0.00015718,50795.3
5203,0.00021189,50804.4
5204,0.00021162,50813.4
5205,0.00022151,50822.6
5206,0.00019420,50831.7
5207,0.00023518,50840.8
5208,0.00018141,50849.8
5209,0.00032874,50858.9
5210,0.00022438,50868.0
5211,0.00026350,50877.1
5212,0.00011696,50886.2
5213,0.00011892,50895.3
5214,0.00013660,50904.5
5215,0.00018078,50913.6
5216,0.00040091,50922.6
5217,0.00012695,50931.7
5218,0.00010507,50940.9
5219,0.00020763,50949.9
5220,0.00025116,50959.0
5221,0.00029246,50968.1
5222,0.00016279,50977.2
5223,0.00012891,50986.3
5224,0.00016150,50995.4
5225,0.00009339,51004.5
5226,0.00019695,51013.6
5227,0.00022992,51022.7
5228,0.00036272,51031.8
5229,0.00022489,51040.9
5230,0.00014068,51050.0
5231,0.00020212,51059.1
5232,0.00024497,51068.2
5233,0.00017916,51077.3
5234,0.00020353,51086.4
5235,0.00012907,51095.5
5236,0.00022097,51104.6
5237,0.00015021,51113.7
5238,0.00010278,51122.8
5239,0.00010512,51131.9
5240,0.00020518,51141.0
5241,0.00024943,51150.1
5242,0.00017521,51159.2
5243,0.00013189,51168.3
5244,0.00025143,51177.4
5245,0.00022680,51186.5
5246,0.00016123,51195.5
5247,0.00015594,51204.6
5248,0.00028103,51213.8
5249,0.00020553,51222.8
5250,0.00010400,51231.9
5251,0.00012405,51241.1
5252,0.00012913,51250.3
5253,0.00017481,51259.3
5254,0.00032934,51268.5
5255,0.00013844,51277.5
5256,0.00030528,51286.7
5257,0.00013470,51295.8
5258,0.00014799,51304.9
5259,0.00027930,51314.0
5260,0.00031384,51323.2
5261,0.00008855,51332.3
5262,0.00011635,51341.4
5263,0.00014694,51350.4
5264,0.00017300,51359.6
5265,0.00025432,51368.7
5266,0.00060098,51377.8
5267,0.00022062,51386.9
5268,0.00008790,51396.0
5269,0.00022658,51405.1
5270,0.00010249,51414.2
5271,0.00014992,51423.4
5272,0.00015418,51432.4
5273,0.00037974,51441.6
5274,0.00013711,51450.6
5275,0.00012074,51459.7
5276,0.00015792,51468.9
5277,0.00012071,51478.0
5278,0.00015690,51487.1
5279,0.00020815,51496.2
5280,0.00051194,51505.3
5281,0.00009359,51514.4
5282,0.00013569,51523.5
5283,0.00014765,51532.6
5284,0.00009958,51541.7
5285,0.00010782,51550.8
5286,0.00026146,51559.9
5287,0.00040920,51569.0
5288,0.00034170,51578.1
5289,0.00014584,51587.3
5290,0.00029262,51596.4
5291,0.00017649,51605.5
5292,0.00010667,51614.6
5293,0.00014829,51623.7
5294,0.00014283,51632.8
5295,0.00012789,51641.9
5296,0.00011585,51651.0
5297,0.00019612,51660.1
5298,0.00011544,51669.2
5299,0.00018749,51678.3
5300,0.00028454,51687.4
5301,0.00015071,51696.5
5302,0.00017073,51705.6
5303,0.00025772,51714.7
5304,0.00010591,51723.8
5305,0.00023749,51732.9
5306,0.00024833,51742.0
5307,0.00009988,51751.2
5308,0.00049134,51760.3
5309,0.00015803,51769.3
5310,0.00018849,51778.4
5311,0.00025265,51787.6
5312,0.00010878,51796.7
5313,0.00018036,51805.8
5314,0.00027363,51814.9
5315,0.00014175,51824.0
5316,0.00015770,51833.1
5317,0.00017361,51842.2
5318,0.00016415,51851.2
5319,0.00022054,51860.4
5320,0.00009190,51869.5
5321,0.00025568,51878.6
5322,0.00027513,51887.7
5323,0.00022048,51896.8
5324,0.00008373,51905.9
5325,0.00022713,51915.0
5326,0.00015555,51924.1
5327,0.00013988,51933.2
5328,0.00034058,51942.3
5329,0.00007762,51951.4
5330,0.00017945,51960.6
5331,0.00012607,51969.8
5332,0.00019723,51979.0
5333,0.00019407,51988.1
5334,0.00009741,51997.3
5335,0.00013613,52006.4
5336,0.00023000,52015.5
5337,0.00025076,52024.6
5338,0.00021333,52033.7
5339,0.00015179,52042.8
5340,0.00016370,52052.0
5341,0.00008941,52061.1
5342,0.00016604,52070.2
5343,0.00053404,52079.3
5344,0.00025568,52088.4
5345,0.00027748,52097.5
5346,0.00013468,52106.6
5347,0.00012760,52115.8
5348,0.00012607,52124.9
5349,0.00011501,52134.0
5350,0.00029147,52143.1
5351,0.00017465,52152.2
5352,0.00020708,52161.3
5353,0.00017275,52170.4
5354,0.00018140,52179.6
5355,0.00011852,52188.7
5356,0.00008582,52197.8
5357,0.00015716,52206.9
5358,0.00013758,52216.0
5359,0.00013432,52225.1
5360,0.00012305,52234.2
5361,0.00042865,52243.3
5362,0.00016837,52252.4
5363,0.00014352,52261.5
5364,0.00010704,52270.6
5365,0.00013264,52279.8
5366,0.00015352,52288.9
5367,0.00055613,52298.0
5368,0.00013773,52307.1
5369,0.00018651,52316.2
5370,0.00021372,52325.3
5371,0.00019454,52334.4
5372,0.00018502,52343.5
5373,0.00025464,52352.7
5374,0.00008620,52361.8
5375,0.00019058,52370.9
5376,0.00046142,52380.0
5377,0.00034569,52389.1
5378,0.00011132,52398.2
5379,0.00018981,52407.3
5380,0.00011077,52416.4
5381,0.00009610,52425.5
5382,0.00027297,52434.7
5383,0.00016041,52443.8
5384,0.00009040,52452.9
5385,0.00010965,52462.0
5386,0.00026277,52471.1
5387,0.00010034,52480.2
5388,0.00039909,52489.3
5389,0.00019030,52498.4
5390,0.00021747,52507.5
5391,0.00007575,52516.7
5392,0.00012119,52525.8
5393,0.00015934,52534.9
5394,0.00021422,52544.0
5395,0.00016577,52553.1
5396,0.00015264,52562.2
5397,0.00012299,52571.3
5398,0.00024258,52580.4
5399,0.00013731,52589.5
5400,0.00018011,52598.6
5401,0.00022097,52607.8
5402,0.00018158,52616.8
5403,0.00011352,52625.9
5404,0.00018684,52635.1
5405,0.00008982,52644.2
5406,0.00023617,52653.3
5407,0.00025853,52662.4
5408,0.00024585,52671.5
5409,0.00021495,52680.6
5410,0.00020998,52689.7
5411,0.00008992,52698.8
5412,0.00007271,52707.9
5413,0.00012702,52717.1
5414,0.00024535,52726.2
5415,0.00020281,52735.3
5416,0.00027710,52744.4
5417,0.00007284,52753.5
5418,0.00016042,52762.6
5419,0.00021525,52771.7
5420,0.00010002,52780.8
5421,0.00044306,52789.9
5422,0.00024443,52799.0
5423,0.00021116,52808.0
5424,0.00012839,52817.2
5425,0.00015220,52826.3
5426,0.00029369,52835.4
5427,0.00010005,52844.4
5428,0.00056766,52853.6
5429,0.00014645,52862.6
5430,0.00010729,52871.7
5431,0.00015016,52880.8
5432,0.00012784,52889.9
5433,0.00011717,52899.1
5434,0.00013792,52908.1
5435,0.00008034,52917.2
5436,0.00015059,52926.3
5437,0.00016141,52935.5
5438,0.00021662,52944.6
5439,0.00027560,52953.6
5440,0.00031344,52962.7
5441,0.00010400,52971.9
5442,0.00010781,52981.0
5443,0.00028159,52990.0
5444,0.00048559,52999.1
5445,0.00007448,53008.3
5446,0.00023531,53017.3
5447,0.00019899,53026.4
5448,0.00008618,53035.6
5449,0.00011673,53044.7
5450,0.00008226,53053.8
5451,0.00013131,53062.9
5452,0.00010328,53071.9
5453,0.00025875,53081.1
5454,0.00022472,53090.2
5455,0.00024860,53099.3
5456,0.00022285,53108.4
5457,0.00011992,53117.4
5458,0.00013763,53126.6
5459,0.00015216,53135.7
5460,0.00045686,53144.8
5461,0.00020278,53153.8
5462,0.00010354,53163.0
5463,0.00019087,53172.1
5464,0.00016360,53181.2
5465,0.00011285,53190.3
5466,0.00011091,53199.4
5467,0.00032199,53208.5
5468,0.00016065,53217.6
5469,0.00016893,53226.7
5470,0.00012638,53235.8
5471,0.00019897,53244.8
5472,0.00014589,53253.9
5473,0.00040653,53263.0
5474,0.00009164,53272.1
5475,0.00011530,53281.2
5476,0.00022277,53290.3
5477,0.00010149,53299.4
5478,0.00034739,53308.5
5479,0.00025650,53317.7
5480,0.00010263,53326.7
5481,0.00011858,53335.8
5482,0.00007970,53344.9
5483,0.00010336,53354.0
5484,0.00018616,53363.1
5485,0.00011090,53372.2
5486,0.00026910,53381.3
5487,0.00027973,53390.4
5488,0.00022815,53399.5
5489,0.00008221,53408.6
5490,0.00026658,53417.7
5491,0.00022267,53426.8
5492,0.00013309,53435.9
5493,0.00018112,53445.0
5494,0.00036293,53454.1
5495,0.00010451,53463.2
5496,0.00010265,53472.3
5497,0.00013380,53481.4
5498,0.00011359,53490.5
5499,0.00013468,53499.6
5500,0.00016994,53508.7
5501,0.00014517,53517.9
5502,0.00010931,53527.0
5503,0.00016501,53536.1
5504,0.00035086,53545.2
5505,0.00013220,53554.3
5506,0.00019006,53563.4
5507,0.00016852,53572.5
5508,0.00031581,53581.6
5509,0.00008433,53590.7
5510,0.00023181,53599.8
5511,0.00017945,53608.9
5512,0.00026931,53618.0
5513,0.00008171,53627.1
5514,0.00023628,53636.2
5515,0.00007519,53645.3
5516,0.00044953,53654.4
5517,0.00016459,53663.5
5518,0.00011867,53672.6
5519,0.00011214,53681.7
5520,0.00020075,53690.8
5521,0.00010494,53700.0
5522,0.00024798,53709.0
5523,0.00021550,53718.1
5524,0.00033747,53727.2
5525,0.00016617,53736.3
5526,0.00026369,53745.5
5527,0.00012551,53754.6
5528,0.00008674,53763.6
5529,0.00023534,53772.7
5530,0.00008969,53781.8
5531,0.00008047,53790.9
5532,0.00013193,53800.0
5533,0.00036527,53809.1
5534,0.00023015,53818.2
5535,0.00009448,53827.3
5536,0.00010490,53836.4
5537,0.00009923,53845.5
5538,0.00018512,53854.7
5539,0.00018585,53863.7
5540,0.00017475,53872.8
5541,0.00011064,53881.9
5542,0.00021021,53891.0
5543,0.00021421,53900.2
5544,0.00010055,53909.2
5545,0.00012593,53918.3
5546,0.00026828,53927.4
5547,0.00020107,53936.6
5548,0.00008983,53945.6
5549,0.00019759,53954.7
5550,0.00020305,53963.8
5551,0.00031827,53972.9
5552,0.00013168,53982.1
5553,0.00010736,53991.1
5554,0.00010677,54000.2
5555,0.00008841,54009.3
5556,0.00018827,54018.4
5557,0.00024823,54027.5
5558,0.00009380,54036.6
5559,0.00019754,54045.7
5560,0.00011847,54054.8
5561,0.00014699,54063.9
5562,0.00017117,54073.0
5563,0.00016169,54082.1
5564,0.00064319,54091.2
5565,0.00025036,54100.3
5566,0.00013542,54109.4
5567,0.00013428,54118.5
5568,0.00010620,54127.6
5569,0.00016270,54136.7
5570,0.00006841,54145.8
5571,0.00016621,54154.9
5572,0.00022636,54164.1
5573,0.00015682,54173.2
5574,0.00013876,54182.3
5575,0.00010373,54191.4
5576,0.00018636,54200.5
5577,0.00008484,54209.6
5578,0.00022815,54218.7
5579,0.00034527,54227.8
5580,0.00017469,54236.9
5581,0.00007205,54246.0
5582,0.00016168,54255.1
5583,0.00020998,54264.2
5584,0.00023073,54273.3
5585,0.00009463,54282.4
5586,0.00012220,54291.5
5587,0.00016950,54300.6
5588,0.00027879,54309.7
5589,0.00020390,54318.8
5590,0.00015063,54327.9
5591,0.00009869,54337.0
5592,0.00022930,54346.1
5593,0.00006795,54355.2
5594,0.00018544,54364.4
5595,0.00017241,54373.4
5596,0.00012849,54382.5
5597,0.00039782,54391.7
5598,0.00079141,54400.8
5599,0.00017624,54409.9
5600,0.00010324,54419.0
5601,0.00010034,54428.1
5602,0.00007028,54437.2
5603,0.00014156,54446.3
5604,0.00013101,54455.4
5605,0.00025291,54464.6
5606,0.00008396,54473.7
5607,0.00037122,54482.8
5608,0.00017540,54491.9
5609,0.00007907,54501.0
5610,0.00013575,54510.1
5611,0.00010519,54519.2
5612,0.00014711,54528.3
5613,0.00015096,54537.3
5614,0.00009550,54546.5
5615,0.00018858,54555.6
5616,0.00038895,54564.7
5617,0.00013082,54573.7
5618,0.00008405,54582.9
5619,0.00009013,54592.0
5620,0.00024006,54601.1
5621,0.00024133,54610.2
5622,0.00015485,54619.3
5623,0.00007615,54628.4
5624,0.00018718,54637.5
5625,0.00013343,54646.6
5626,0.00022410,54655.7
5627,0.00007649,54664.8
5628,0.00022739,54673.9
5629,0.00009811,54683.0
5630,0.00010923,54692.1
5631,0.00008299,54701.3
5632,0.00045733,54710.4
5633,0.00020644,54719.4
5634,0.00017161,54728.5
5635,0.00007072,54737.7
5636,0.00015268,54746.8
5637,0.00010846,54755.9
5638,0.00020925,54765.0
5639,0.00011388,54774.1
5640,0.00014751,54783.2
5641,0.00040761,54792.3
5642,0.00030302,54801.4
5643,0.00011776,54810.6
5644,0.00014721,54819.7
5645,0.00017599,54828.8
5646,0.00009218,54837.9
5647,0.00024353,54847.0
5648,0.00015448,54856.1
5649,0.00016949,54865.2
5650,0.00011732,54874.3
5651,0.00017705,54883.4
5652,0.00008019,54892.5
5653,0.00014877,54901.6
5654,0.00017394,54910.7
5655,0.00015493,54919.8
5656,0.00016087,54928.9
5657,0.00024129,54938.1
5658,0.00013328,54947.2
5659,0.00008311,54956.3
5660,0.00025868,54965.4
5661,0.00035919,54974.5
5662,0.00011184,54983.6
5663,0.00014131,54992.7
5664,0.00018196,55001.8
5665,0.00007186,55011.0
5666,0.00007616,55020.1
5667,0.00022032,55029.1
5668,0.00015782,55038.3
5669,0.00021133,55047.3
5670,0.00018473,55056.4
5671,0.00010816,55065.5
5672,0.00015927,55074.6
5673,0.00019757,55083.8
5674,0.00018767,55092.9
5675,0.00021134,55102.0
5676,0.00022515,55111.1
5677,0.00029712,55120.2
5678,0.00012630,55129.3
5679,0.00008617,55138.4
5680,0.00009577,55147.5
5681,0.00020589,55156.6
5682,0.00019710,55165.7
5683,0.00011013,55174.8
5684,0.00017866,55183.9
5685,0.00020552,55193.1
5686,0.00037617,55202.2
5687,0.00024560,55211.3
5688,0.00021824,55220.4
5689,0.00009867,55229.5
5690,0.00006893,55238.6
5691,0.00019972,55247.7
5692,0.00023830,55256.8
5693,0.00024038,55265.9
5694,0.00007898,55275.0
5695,0.00006222,55284.1
5696,0.00011690,55293.2
5697,0.00011230,55302.3
5698,0.00031495,55311.5
5699,0.00016012,55320.6
5700,0.00010145,55329.7
5701,0.00016809,55338.8
5702,0.00041992,55347.9
5703,0.00007765,55357.0
5704,0.00012115,55366.1
5705,0.00018216,55375.2
5706,0.00010331,55384.3
5707,0.00011917,55393.5
5708,0.00037616,55402.6
5709,0.00008001,55411.6
5710,0.00006734,55420.7
5711,0.00022786,55429.9
5712,0.00016045,55439.0
5713,0.00033739,55448.1
5714,0.00008242,55457.2
5715,0.00006029,55466.3
5716,0.00009612,55475.4
5717,0.00022939,55484.5
5718,0.00008949,55493.6
5719,0.00023565,55502.7
5720,0.00007084,55511.9
5721,0.00013970,55521.0
5722,0.00022009,55530.1
5723,0.00013828,55539.2
5724,0.00016006,55548.3
5725,0.00015613,55557.4
5726,0.00009903,55566.5
5727,0.00009759,55575.6
5728,0.00026299,55584.8
5729,0.00018282,55593.9
5730,0.00009635,55603.0
5731,0.00009031,55612.1
5732,0.00010954,55621.2
5733,0.00029547,55630.3
5734,0.00021896,55639.4
5735,0.00012921,55648.5
5736,0.00008711,55657.7
5737,0.00011568,55666.8
5738,0.00008049,55675.9
5739,0.00010213,55685.0
5740,0.00046961,55694.1
5741,0.00010456,55703.2
5742,0.00008003,55712.3
5743,0.00016159,55721.4
5744,0.00019408,55730.5
5745,0.00029829,55739.6
5746,0.00025205,55748.7
5747,0.00008565,55757.8
5748,0.00007340,55766.9
5749,0.00010033,55776.0
5750,0.00036671,55785.1
5751,0.00011827,55794.3
5752,0.00013548,55803.4
5753,0.00010727,55812.5
5754,0.00027813,55821.6
5755,0.00012544,55830.7
5756,0.00012632,55839.8
5757,0.00018181,55848.9
5758,0.00020644,55858.0
5759,0.00009108,55867.1
5760,0.00015606,55876.2
5761,0.00021250,55885.4
5762,0.00009139,55894.4
5763,0.00024552,55903.5
5764,0.00020743,55912.6
5765,0.00011187,55921.8
5766,0.00007755,55930.9
5767,0.00027642,55940.0
5768,0.00017205,55949.1
5769,0.00006696,55958.1
5770,0.00017225,55967.3
5771,0.00011681,55976.4
5772,0.00013767,55985.5
5773,0.00018818,55994.6
5774,0.00011976,56003.7
5775,0.00010309,56012.8
5776,0.00012910,56021.9
5777,0.00037030,56031.0
5778,0.00015893,56040.1
5779,0.00006723,56049.2
5780,0.00019880,56058.3
5781,0.00066225,56067.4
5782,0.00015428,56076.5
5783,0.00007904,56085.6
5784,0.00013010,56094.7
5785,0.00009151,56103.8
5786,0.00025700,56112.9
5787,0.00012631,56122.0
5788,0.00012850,56131.1
5789,0.00015267,56140.2
5790,0.00009568,56149.3
5791,0.00015050,56158.5
5792,0.00014209,56167.6
5793,0.00031565,56176.7
5794,0.00016690,56185.8
5795,0.00017018,56194.9
5796,0.00026574,56204.0
5797,0.00013785,56213.1
5798,0.00016388,56222.2
5799,0.00014690,56231.3
5800,0.00012194,56240.4
5801,0.00028882,56249.5
5802,0.00017802,56258.6
5803,0.00009499,56267.8
5804,0.00010519,56276.9
5805,0.00012801,56286.0
5806,0.00011581,56295.0
5807,0.00007146,56304.2
5808,0.00021684,56313.3
5809,0.00024873,56322.4
5810,0.00012652,56331.5
5811,0.00017887,56340.6
5812,0.00012719,56349.7
5813,0.00034597,56358.8
5814,0.00015382,56367.9
5815,0.00009424,56377.0
5816,0.00012092,56386.1
5817,0.00033345,56395.2
5818,0.00008588,56404.3
5819,0.00006077,56413.4
5820,0.00017691,56422.5
5821,0.00030029,56431.7
5822,0.00006456,56440.8
5823,0.00026335,56449.9
5824,0.00012748,56459.0
5825,0.00020104,56468.1
5826,0.00008554,56477.2
5827,0.00011912,56486.3
5828,0.00034971,56495.4
5829,0.00022101,56504.5
5830,0.00007216,56513.6
5831,0.00010523,56522.7
5832,0.00009372,56531.8
5833,0.00025677,56540.9
5834,0.00021087,56550.0
5835,0.00011141,56559.1
5836,0.00010103,56568.2
5837,0.00014076,56577.4
5838,0.00027403,56586.5
5839,0.00018272,56595.6
5840,0.00011850,56604.7
5841,0.00026329,56613.8
5842,0.00018185,56622.9
5843,0.00013207,56632.0
5844,0.00019833,56641.1
5845,0.00028893,56650.2
5846,0.00009492,56659.3
5847,0.00007369,56668.4
5848,0.00007974,56677.5
5849,0.00021653,56686.6
5850,0.00021876,56695.7
5851,0.00016081,56704.8
5852,0.00012737,56713.9
5853,0.00021896,56723.0
5854,0.00014735,56732.1
5855,0.00006990,56741.3
5856,0.00007743,56750.4
5857,0.00017773,56759.5
5858,0.00020242,56768.6
5859,0.00023492,56777.7
5860,0.00033727,56786.8
5861,0.00007490,56795.9
5862,0.00017611,56805.0
5863,0.00024867,56814.1
5864,0.00007434,56823.2
5865,0.00015232,56832.3
5866,0.00010127,56841.4
5867,0.00014811,56850.5
5868,0.00017629,56859.6
5869,0.00018780,56868.7
5870,0.00021777,56877.8
5871,0.00015945,56887.0
5872,0.00011670,56896.1
5873,0.00018695,56905.2
5874,0.00014120,56914.3
5875,0.00006450,56923.4
5876,0.00009449,56932.5
5877,0.00026860,56941.6
5878,0.00028781,56950.7
5879,0.00017691,56959.8
5880,0.00012284,56968.9
5881,0.00027239,56978.0
5882,0.00013225,56987.1
5883,0.00008458,56996.2
5884,0.00011125,57005.4
5885,0.00014019,57014.5
5886,0.00017985,57023.6
5887,0.00020025,57032.7
5888,0.00014955,57041.8
5889,0.00007040,57050.9
5890,0.00028621,57060.0
5891,0.00018050,57069.1
5892,0.00014177,57078.3
5893,0.00016994,57087.4
5894,0.00015816,57096.5
5895,0.00024234,57105.5
5896,0.00024011,57114.6
5897,0.00010282,57123.7
5898,0.00008147,57132.8
5899,0.00033400,57141.9
5900,0.00014487,57151.1
5901,0.00010671,57160.2
5902,0.00005856,57169.3
5903,0.00009933,57178.4
5904,0.00025765,57187.6
5905,0.00009916,57196.7
5906,0.00037461,57205.8
5907,0.00008250,57214.9
5908,0.00013531,57224.0
5909,0.00005717,57233.1
5910,0.00016308,57242.2
5911,0.00029309,57251.3
5912,0.00045568,57260.5
5913,0.00035681,57269.6
5914,0.00015904,57278.7
5915,0.00007595,57287.8
5916,0.00008048,57296.9
5917,0.00008346,57306.0
5918,0.00008602,57315.1
5919,0.00021202,57324.2
5920,0.00014175,57333.3
5921,0.00006461,57342.4
5922,0.00013644,57351.5
5923,0.00035273,57360.6
5924,0.00012115,57369.8
5925,0.00006287,57378.8
5926,0.00010008,57388.0
5927,0.00014420,57397.1
5928,0.00012830,57406.2
5929,0.00022772,57415.3
5930,0.00013545,57424.4
5931,0.00007207,57433.6
5932,0.00007605,57442.6
5933,0.00015837,57451.7
5934,0.00024944,57460.9
5935,0.00012384,57470.0
5936,0.00013637,57479.1
5937,0.00021113,57488.2
5938,0.00007281,57497.3
5939,0.00008442,57506.4
5940,0.00006690,57515.5
5941,0.00014747,57524.6
5942,0.00041297,57533.7
5943,0.00013371,57542.8
5944,0.00012995,57551.9
5945,0.00015654,57561.1
5946,0.00006887,57570.3
5947,0.00008349,57579.4
5948,0.00014673,57588.5
5949,0.00017584,57597.6
5950,0.00037050,57606.7
5951,0.00014312,57615.8
5952,0.00010238,57624.9
5953,0.00005580,57634.0
5954,0.00007046,57643.1
5955,0.00038800,57652.3
5956,0.00011161,57661.4
5957,0.00008834,57670.5
5958,0.00009054,57679.6
5959,0.00014723,57688.7
5960,0.00012444,57697.8
5961,0.00013023,57706.9
5962,0.00055726,57716.0
5963,0.00006984,57725.2
5964,0.00013440,57734.3
5965,0.00010747,57743.3
5966,0.00017549,57752.4
5967,0.00019012,57761.5
5968,0.00009118,57770.7
5969,0.00008031,57779.8
5970,0.00009640,57788.9
5971,0.00024648,57797.9
5972,0.00008737,57807.1
5973,0.00028127,57816.2
5974,0.00022084,57825.3
5975,0.00008081,57834.4
5976,0.00018344,57843.5
5977,0.00008035,57852.6
5978,0.00006235,57861.7
5979,0.00014021,57870.8
5980,0.00016912,57879.9
5981,0.00009026,57889.0
5982,0.00006717,57898.1
5983,0.00031842,57907.2
5984,0.00036970,57916.3
5985,0.00015506,57925.4
5986,0.00010756,57934.6
5987,0.00007038,57943.7
5988,0.00011756,57952.8
5989,0.00044945,57961.9
5990,0.00012888,57971.0
5991,0.00008549,57980.1
5992,0.00023894,57989.2
5993,0.00015015,57998.4
5994,0.00022634,58007.5
5995,0.00009339,58016.6
5996,0.00009402,58025.7
5997,0.00005909,58034.8
5998,0.00017753,58043.9
5999,0.00012330,58053.0
6000,0.00008792,58062.1
6001,0.00009502,58071.3
6002,0.00022082,58080.4
6003,0.00030452,58089.5
6004,0.00008866,58098.6
6005,0.00015296,58107.7
6006,0.00014229,58116.8
6007,0.00009494,58125.9
6008,0.00016025,58135.0
6009,0.00030391,58144.1
6010,0.00013519,58153.2
6011,0.00006251,58162.4
6012,0.00017719,58171.5
6013,0.00011288,58180.6
6014,0.00021006,58189.7
6015,0.00022635,58198.8
6016,0.00007887,58207.9
6017,0.00031042,58217.0
6018,0.00009200,58226.1
6019,0.00018512,58235.2
6020,0.00009116,58244.3
6021,0.00008366,58253.4
6022,0.00007597,58262.5
6023,0.00013738,58271.6
6024,0.00044963,58280.7
6025,0.00022179,58289.8
6026,0.00007468,58298.9
6027,0.00005952,58308.0
6028,0.00006188,58317.1
6029,0.00008871,58326.2
6030,0.00042342,58335.3
6031,0.00008939,58344.4
6032,0.00011135,58353.5
6033,0.00014191,58362.6
6034,0.00032358,58371.7
6035,0.00012236,58380.8
6036,0.00008956,58389.9
6037,0.00005311,58399.0
6038,0.00006397,58408.1
6039,0.00029965,58417.2
6040,0.00020626,58426.4
6041,0.00023433,58435.5
6042,0.00014513,58444.6
6043,0.00006409,58453.7
6044,0.00007114,58462.8
6045,0.00012188,58471.9
6046,0.00026658,58481.0
6047,0.00006860,58490.1
6048,0.00018284,58499.2
6049,0.00024455,58508.3
6050,0.00020184,58517.4
6051,0.00009393,58526.5
6052,0.00032843,58535.6
6053,0.00007811,58544.7
6054,0.00007782,58553.8
6055,0.00022798,58562.9
6056,0.00011585,58572.0
6057,0.00016327,58581.1
6058,0.00020550,58590.2
6059,0.00011256,58599.3
6060,0.00006678,58608.4
6061,0.00012103,58617.5
6062,0.00018902,58626.6
6063,0.00026122,58635.7
6064,0.00006475,58644.8
6065,0.00006149,58653.9
6066,0.00016599,58663.0
6067,0.00021058,58672.1
6068,0.00017545,58681.2
6069,0.00011627,58690.3
6070,0.00017901,58699.4
6071,0.00016310,58708.5
6072,0.00008269,58717.6
6073,0.00007501,58726.8
6074,0.00028428,58735.8
6075,0.00015762,58744.9
6076,0.00006398,58754.0
6077,0.00016541,58763.2
6078,0.00007791,58772.2
6079,0.00019061,58781.3
6080,0.00012302,58790.4
6081,0.00012016,58799.5
6082,0.00019963,58808.6
6083,0.00005650,58817.7
6084,0.00008867,58826.8
6085,0.00015946,58835.9
6086,0.00007945,58845.0
6087,0.00010544,58854.1
6088,0.00027310,58863.2
6089,0.00020766,58872.4
6090,0.00022829,58881.5
6091,0.00005758,58890.5
6092,0.00017309,58899.6
6093,0.00010124,58908.7
6094,0.00019181,58917.8
6095,0.00012423,58926.9
6096,0.00013314,58936.0
6097,0.00014321,58945.1
6098,0.00050399,58954.3
6099,0.00007141,58963.3
6100,0.00007951,58972.4
6101,0.00006483,58981.5
6102,0.00008941,58990.7
6103,0.00029329,58999.8
6104,0.00017959,59008.9
6105,0.00006160,59018.0
6106,0.00010592,59027.1
6107,0.00006642,59036.2
6108,0.00006370,59045.3
6109,0.00016367,59054.4
6110,0.00025023,59063.5
6111,0.00014023,59072.6
6112,0.00014809,59081.7
6113,0.00013997,59090.8
6114,0.00010759,59099.9
6115,0.00009269,59109.0
6116,0.00030109,59118.1
6117,0.00010066,59127.2
6118,0.00022261,59136.3
6119,0.00022591,59145.4
6120,0.00008378,59154.5
6121,0.00016051,59163.6
6122,0.00008616,59172.7
6123,0.00013197,59181.8
6124,0.00012837,59190.9
6125,0.00013414,59200.0
6126,0.00016333,59209.1
6127,0.00018576,59218.2
6128,0.00008465,59227.3
6129,0.00010118,59236.4
6130,0.00036056,59245.5
6131,0.00009350,59254.6
6132,0.00015776,59263.7
6133,0.00007771,59272.8
6134,0.00006150,59281.9
6135,0.00017363,59291.0
6136,0.00021945,59300.1
6137,0.00022607,59309.2
6138,0.00008336,59318.3
6139,0.00026643,59327.5
6140,0.00008776,59336.6
6141,0.00005798,59345.7
6142,0.00011800,59354.7
6143,0.00015137,59363.9
6144,0.00026706,59373.0
6145,0.00008016,59382.1
6146,0.00011504,59391.1
6147,0.00022125,59400.3
6148,0.00014609,59409.4
6149,0.00006319,59418.5
6150,0.00005763,59427.6
6151,0.00007200,59436.7
6152,0.00045319,59445.7
6153,0.00009746,59454.8
6154,0.00010969,59463.9
6155,0.00020552,59473.1
6156,0.00015031,59482.2
6157,0.00006818,59491.3
6158,0.00005571,59500.3
6159,0.00013728,59509.5
6160,0.00022070,59518.6
6161,0.00026162,59527.7
6162,0.00005643,59536.8
6163,0.00005184,59546.0
6164,0.00012836,59555.1
6165,0.00020040,59564.2
6166,0.00013526,59573.4
6167,0.00025231,59582.5
6168,0.00007450,59591.7
6169,0.00020074,59600.8
6170,0.00029979,59610.0
6171,0.00009681,59619.1
6172,0.00008307,59628.3
6173,0.00010562,59637.5
6174,0.00024598,59646.6
6175,0.00021812,59655.7
6176,0.00035349,59664.8
6177,0.00007482,59673.9
6178,0.00006691,59683.0
6179,0.00007462,59692.1
6180,0.00006887,59701.2
6181,0.00011578,59710.3
6182,0.00035148,59719.4
6183,0.00007658,59728.5
6184,0.00032228,59737.6
6185,0.00018628,59746.8
6186,0.00007542,59755.8
6187,0.00007317,59764.9
6188,0.00043681,59774.1
6189,0.00006816,59783.2
6190,0.00006919,59792.3
6191,0.00033098,59801.4
6192,0.00006266,59810.5
6193,0.00033336,59819.6
6194,0.00012716,59828.7
6195,0.00014963,59837.8
6196,0.00007004,59846.9
6197,0.00012520,59856.0
6198,0.00012689,59865.1
6199,0.00055295,59874.2
6200,0.00006506,59883.3
6201,0.00007415,59892.4
6202,0.00013630,59901.5
6203,0.00011981,59910.6
6204,0.00005482,59919.8
6205,0.00017013,59928.9
6206,0.00054047,59938.0
6207,0.00012352,59947.1
6208,0.00008831,59956.2
6209,0.00018304,59965.3
6210,0.00009250,59974.4
6211,0.00005741,59983.5
6212,0.00009286,59992.6
6213,0.00021506,60001.8
6214,0.00008450,60010.8
6215,0.00013890,60019.9
6216,0.00022155,60029.0
6217,0.00013243,60038.2
6218,0.00013670,60047.3
6219,0.00008730,60056.4
6220,0.00006416,60065.5
6221,0.00009322,60074.6
6222,0.00007171,60083.7
6223,0.00012441,60092.7
6224,0.00024611,60101.9
6225,0.00051022,60111.0
6226,0.00008988,60120.1
6227,0.00010964,60129.2
6228,0.00005148,60138.3
6229,0.00014330,60147.4
6230,0.00008438,60156.5
6231,0.00031515,60165.6
6232,0.00017126,60174.7
6233,0.00007216,60183.8
6234,0.00037489,60193.0
6235,0.00012213,60202.0
6236,0.00009074,60211.1
6237,0.00006742,60220.3
6238,0.00040614,60229.4
6239,0.00015362,60238.5
6240,0.00013951,60247.6
6241,0.00006318,60256.7
6242,0.00004885,60265.8
6243,0.00012417,60275.0
6244,0.00013668,60284.0
6245,0.00016368,60293.2
6246,0.00028618,60302.3
6247,0.00007023,60311.4
6248,0.00005537,60320.5
6249,0.00034171,60329.6
6250,0.00024882,60338.7
6251,0.00008729,60347.9
6252,0.00007654,60357.0
6253,0.00029183,60366.1
6254,0.00006322,60375.2
6255,0.00006135,60384.3
6256,0.00007130,60393.4
6257,0.00011155,60402.5
6258,0.00009116,60411.7
6259,0.00027992,60420.8
6260,0.00021135,60429.9
6261,0.00013440,60439.0
6262,0.00022221,60448.1
6263,0.00014123,60457.2
6264,0.00010469,60466.3
6265,0.00006611,60475.4
6266,0.00005831,60484.5
6267,0.00015482,60493.6
6268,0.00034239,60502.7
6269,0.00013602,60511.8
6270,0.00010028,60520.9
6271,0.00013970,60530.1
6272,0.00016848,60539.2
6273,0.00014771,60548.3
6274,0.00006833,60557.4
6275,0.00011762,60566.5
6276,0.00022755,60575.6
6277,0.00035053,60584.7
6278,0.00006754,60593.8
6279,0.00010245,60602.9
6280,0.00014344,60612.0
6281,0.00018828,60621.1
6282,0.00011959,60630.2
6283,0.00005706,60639.3
6284,0.00023770,60648.5
6285,0.00010690,60657.6
6286,0.00007431,60666.7
6287,0.00016588,60675.8
6288,0.00020526,60684.9
6289,0.00023111,60694.0
6290,0.00014878,60703.1
6291,0.00011170,60712.2
6292,0.00010593,60721.3
6293,0.00015761,60730.4
6294,0.00011202,60739.5
6295,0.00012008,60748.6
6296,0.00007956,60757.8
6297,0.00028107,60766.9
6298,0.00014553,60776.0
6299,0.00007452,60785.1
6300,0.00011066,60794.2
6301,0.00007467,60803.3
6302,0.00013654,60812.4
6303,0.00015933,60821.5
6304,0.00028228,60830.6
6305,0.00008676,60839.8
6306,0.00005506,60848.9
6307,0.00023719,60858.0
6308,0.00006578,60867.1
6309,0.00007936,60876.2
6310,0.00016599,60885.3
6311,0.00011531,60894.4
6312,0.00018169,60903.5
6313,0.00049872,60912.7
6314,0.00007697,60921.7
6315,0.00036211,60930.9
6316,0.00011794,60940.0
6317,0.00006264,60949.1
6318,0.00005369,60958.2
6319,0.00016848,60967.3
6320,0.00008201,60976.4
6321,0.00010414,60985.5
6322,0.00015862,60994.6
6323,0.00006766,61003.8
6324,0.00006546,61012.9
6325,0.00011749,61022.0
6326,0.00019497,61031.1
6327,0.00006744,61040.2
6328,0.00014537,61049.3
6329,0.00020009,61058.4
6330,0.00017541,61067.5
6331,0.00025187,61076.7
6332,0.00004885,61085.8
6333,0.00014779,61094.9
6334,0.00028609,61104.0
6335,0.00008957,61113.1
6336,0.00005514,61122.2
6337,0.00007708,61131.3
6338,0.00019488,61140.4
6339,0.00032443,61149.5
6340,0.00008771,61158.6
6341,0.00007609,61167.7
6342,0.00006884,61176.8
6343,0.00019974,61185.9
6344,0.00014230,61195.0
6345,0.00009976,61204.1
6346,0.00019310,61213.3
6347,0.00006499,61222.4
6348,0.00011795,61231.5
6349,0.00044373,61240.6
6350,0.00029596,61249.7
6351,0.00013565,61258.9
6352,0.00006634,61268.0
6353,0.00006448,61277.1
6354,0.00013348,61286.2
6355,0.00041060,61295.3
6356,0.00026202,61304.4
6357,0.00007634,61313.5
6358,0.00015041,61322.6
6359,0.00005421,61331.7
6360,0.00005103,61340.8
6361,0.00020040,61349.9
6362,0.00005803,61359.0
6363,0.00008141,61368.2
6364,0.00010857,61377.3
6365,0.00009160,61386.4
6366,0.00014492,61395.5
6367,0.00035008,61404.6
6368,0.00007257,61413.7
6369,0.00009891,61422.9
6370,0.00018755,61432.0
6371,0.00008186,61441.1
6372,0.00014802,61450.1
6373,0.00015929,61459.3
6374,0.00005406,61468.4
6375,0.00009515,61477.5
6376,0.00019301,61486.6
6377,0.00010961,61495.7
6378,0.00007687,61504.8
6379,0.00035494,61513.9
6380,0.00015630,61523.0
6381,0.00010584,61532.1
6382,0.00005956,61541.2
6383,0.00007357,61550.3
6384,0.00006600,61559.4
6385,0.00013009,61568.5
6386,0.00015737,61577.7
6387,0.00007038,61586.7
6388,0.00009200,61595.8
6389,0.00022074,61605.0
6390,0.00019620,61614.1
6391,0.00006853,61623.2
6392,0.00006498,61632.3
6393,0.00019822,61641.4
6394,0.00022292,61650.5
6395,0.00009881,61659.6
6396,0.00013872,61668.7
6397,0.00006963,61677.8
6398,0.00035336,61687.0
6399,0.00025481,61696.1
6400,0.00012968,61705.2
6401,0.00005363,61714.3
6402,0.00005348,61723.4
6403,0.00013218,61732.5
6404,0.00006707,61741.6
6405,0.00010522,61750.7
6406,0.00031724,61759.8
6407,0.00009387,61768.9
6408,0.00012727,61778.0
6409,0.00015523,61787.2
6410,0.00009832,61796.3
6411,0.00021063,61805.4
6412,0.00048113,61814.5
6413,0.00010151,61823.6
6414,0.00004840,61832.7
6415,0.00015030,61841.9
6416,0.00021802,61850.9
6417,0.00005953,61860.0
6418,0.00005682,61869.2
6419,0.00032120,61878.3
6420,0.00021944,61887.4
6421,0.00008101,61896.5
6422,0.00018016,61905.6
6423,0.00004653,61914.7
6424,0.00009480,61923.9
6425,0.00007220,61933.0
6426,0.00007813,61942.1
6427,0.00014844,61951.2
6428,0.00010866,61960.3
6429,0.00016391,61969.4
6430,0.00012132,61978.5
6431,0.00006043,61987.6
6432,0.00019250,61996.7
6433,0.00026398,62005.8
6434,0.00007059,62014.9
6435,0.00007684,62024.0
6436,0.00015974,62033.2
6437,0.00006466,62042.3
6438,0.00005385,62051.4
6439,0.00013409,62060.5
6440,0.00024687,62069.6
6441,0.00011387,62078.7
6442,0.00005593,62087.8
6443,0.00012948,62096.9
6444,0.00008053,62106.1
6445,0.00008540,62115.2
6446,0.00015587,62124.3
6447,0.00006871,62133.3
6448,0.00032626,62142.5
6449,0.00010279,62151.6
6450,0.00010046,62160.7
6451,0.00027195,62169.7
6452,0.00009368,62178.9
6453,0.00005128,62188.0
6454,0.00007641,62197.1
6455,0.00021061,62206.2
6456,0.00007108,62215.3
6457,0.00005606,62224.4
6458,0.00021508,62233.5
6459,0.00005717,62242.6
6460,0.00009279,62251.7
6461,0.00021148,62260.8
6462,0.00018651,62269.9
6463,0.00011774,62279.0
6464,0.00006561,62288.1
6465,0.00044495,62297.3
6466,0.00016287,62306.4
6467,0.00006423,62315.5
6468,0.00009130,62324.6
6469,0.00006178,62333.7
6470,0.00012876,62342.8
6471,0.00014013,62351.9
6472,0.00009772,62361.0
6473,0.00019912,62370.2
6474,0.00009899,62379.3
6475,0.00013057,62388.4
6476,0.00034264,62397.5
6477,0.00006391,62406.6
6478,0.00009533,62415.7
6479,0.00024017,62424.8
6480,0.00009219,62433.9
6481,0.00006130,62443.0
6482,0.00038926,62452.1
6483,0.00022910,62461.2
6484,0.00005414,62470.4
6485,0.00007545,62479.5
6486,0.00005342,62488.6
6487,0.00008298,62497.7
6488,0.00011597,62506.8
6489,0.00012554,62515.9
6490,0.00009917,62525.0
6491,0.00022584,62534.1
6492,0.00010078,62543.2
6493,0.00009380,62552.3
6494,0.00035389,62561.4
6495,0.00012327,62570.5
6496,0.00025260,62579.6
6497,0.00015651,62588.7
6498,0.00008859,62597.8
6499,0.00015778,62607.0
6500,0.00012206,62616.1
6501,0.00013017,62625.3
6502,0.00006110,62634.4
6503,0.00007253,62643.5
6504,0.00011307,62652.6
6505,0.00007772,62661.7
6506,0.00012997,62670.8
6507,0.00010215,62679.9
6508,0.00026992,62689.0
6509,0.00007459,62698.0
6510,0.00006056,62707.1
6511,0.00033951,62716.2
6512,0.00005729,62725.3
6513,0.00005101,62734.4
6514,0.00011268,62743.5
6515,0.00024820,62752.6
6516,0.00005150,62761.7
6517,0.00007879,62770.8
6518,0.00025067,62779.9
6519,0.00017175,62789.0
6520,0.00013590,62798.1
6521,0.00004894,62807.2
6522,0.00013504,62816.3
6523,0.00008183,62825.4
6524,0.00036746,62834.5
6525,0.00034621,62843.6
6526,0.00009348,62852.7
6527,0.00007978,62861.8
6528,0.00007835,62870.9
6529,0.00015315,62880.0
6530,0.00011900,62889.1
6531,0.00007808,62898.2
6532,0.00017292,62907.3
6533,0.00008787,62916.4
6534,0.00034183,62925.5
6535,0.00008406,62934.6
6536,0.00016302,62943.7
6537,0.00006176,62952.8
6538,0.00005399,62961.9
6539,0.00006627,62971.0
6540,0.00056445,62980.1
6541,0.00024801,62989.2
6542,0.00009992,62998.3
6543,0.00004713,63007.4
6544,0.00022768,63016.5
6545,0.00009519,63025.6
6546,0.00005730,63034.7
6547,0.00009792,63043.8
6548,0.00009691,63052.9
6549,0.00029067,63062.0
6550,0.00010379,63071.1
6551,0.00014414,63080.2
6552,0.00006884,63089.3
6553,0.00040362,63098.4
6554,0.00012810,63107.5
6555,0.00005542,63116.6
6556,0.00005415,63125.7
6557,0.00013916,63134.8
6558,0.00009438,63143.9
6559,0.00005395,63153.0
6560,0.00018814,63162.1
6561,0.00024385,63171.2
6562,0.00007831,63180.3
6563,0.00004932,63189.4
6564,0.00006394,63198.5
6565,0.00011987,63207.6
6566,0.00009800,63216.7
6567,0.00044784,63225.8
6568,0.00017910,63234.9
6569,0.00007207,63244.0
6570,0.00008258,63253.1
6571,0.00017570,63262.2
6572,0.00028375,63271.3
6573,0.00029609,63280.4
6574,0.00007878,63289.5
6575,0.00004903,63298.6
6576,0.00005512,63307.7
6577,0.00007195,63316.8
6578,0.00021686,63325.9
6579,0.00009501,63335.0
6580,0.00012600,63344.1
6581,0.00007562,63353.2
6582,0.00050565,63362.3
6583,0.00006061,63371.4
6584,0.00008579,63380.5
6585,0.00006308,63389.6
6586,0.00029085,63398.7
6587,0.00016204,63407.8
6588,0.00005041,63416.9
6589,0.00015048,63426.0
6590,0.00056356,63435.1
6591,0.00009631,63444.2
6592,0.00009750,63453.3
6593,0.00010969,63462.4
6594,0.00006462,63471.5
6595,0.00019091,63480.6
6596,0.00008760,63489.7
6597,0.00007433,63498.8
6598,0.00013327,63507.9
6599,0.00008493,63517.0
6600,0.00011303,63526.1
6601,0.00025153,63535.2
6602,0.00031333,63544.3
6603,0.00011537,63553.4
6604,0.00009345,63562.4
6605,0.00005478,63571.5
6606,0.00004830,63580.6
6607,0.00008480,63589.7
6608,0.00011258,63598.8
6609,0.00022362,63607.9
6610,0.00009164,63617.0
6611,0.00017044,63626.1
6612,0.00021212,63635.2
6613,0.00010338,63644.3
6614,0.00005251,63653.4
6615,0.00004947,63662.5
6616,0.00004879,63671.6
6617,0.00049717,63680.8
6618,0.00016862,63689.8
6619,0.00006296,63698.9
6620,0.00036380,63708.0
6621,0.00006506,63717.1
6622,0.00006796,63726.2
6623,0.00021089,63735.3
6624,0.00018176,63744.4
6625,0.00007009,63753.5
6626,0.00005059,63762.6
6627,0.00010079,63771.7
6628,0.00006993,63780.8
6629,0.00020627,63789.9
6630,0.00024730,63799.0
6631,0.00010017,63808.1
6632,0.00011625,63817.2
6633,0.00008141,63826.3
6634,0.00025066,63835.4
6635,0.00007629,63844.5
6636,0.00006848,63853.6
6637,0.00011214,63862.7
6638,0.00005839,63871.8
6639,0.00008825,63880.9
6640,0.00017586,63890.0
6641,0.00008996,63899.1
6642,0.00017665,63908.2
6643,0.00005329,63917.3
6644,0.00038294,63926.4
6645,0.00010323,63935.5
6646,0.00011226,63944.5
6647,0.00023246,63953.6
6648,0.00004857,63962.7
6649,0.00006276,63971.8
6650,0.00008139,63980.9
6651,0.00021225,63990.0
6652,0.00025419,63999.1
6653,0.00009744,64008.2
6654,0.00010553,64017.3
6655,0.00022047,64026.4
6656,0.00013956,64035.6
6657,0.00010234,64044.6
6658,0.00005317,64053.7
6659,0.00010858,64062.9
6660,0.00033039,64072.0
6661,0.00008564,64081.1
6662,0.00013069,64090.1
6663,0.00016499,64099.3
6664,0.00016838,64108.4
6665,0.00011987,64117.4
6666,0.00010982,64126.5
6667,0.00014487,64135.7
6668,0.00013795,64144.8
6669,0.00010098,64153.8
6670,0.00009230,64162.9
6671,0.00009148,64172.1
6672,0.00008959,64181.2
6673,0.00025375,64190.3
6674,0.00007149,64199.3
6675,0.00007608,64208.4
6676,0.00012388,64217.5
6677,0.00012644,64226.7
6678,0.00034207,64235.7
6679,0.00006734,64244.8
6680,0.00007045,64253.9
6681,0.00010120,64263.0
6682,0.00008098,64272.3
6683,0.00018265,64281.5
6684,0.00015398,64290.6
6685,0.00007663,64299.7
6686,0.00007290,64308.8
6687,0.00019460,64317.9
6688,0.00016267,64327.1
6689,0.00005916,64336.2
6690,0.00007655,64345.3
6691,0.00016030,64354.4
6692,0.00009812,64363.4
6693,0.00017726,64372.6
6694,0.00025871,64381.7
6695,0.00011572,64390.7
6696,0.00011588,64399.9
6697,0.00019189,64409.0
6698,0.00005447,64418.0
6699,0.00006339,64427.1
6700,0.00018426,64436.2
6701,0.00010766,64445.3
6702,0.00029207,64454.4
6703,0.00010076,64463.5
6704,0.00009117,64472.6
6705,0.00004118,64481.7
6706,0.00023347,64490.9
6707,0.00007203,64499.9
6708,0.00007578,64509.0
6709,0.00007707,64518.1
6710,0.00062210,64527.2
6711,0.00007527,64536.3
6712,0.00004682,64545.4
6713,0.00004843,64554.5
6714,0.00009318,64563.6
6715,0.00010431,64572.7
6716,0.00015022,64581.8
6717,0.00011371,64590.9
6718,0.00026070,64600.0
6719,0.00005230,64609.1
6720,0.00012743,64618.2
6721,0.00019695,64627.3
6722,0.00008292,64636.4
6723,0.00015810,64645.5
6724,0.00020007,64654.6
6725,0.00008820,64663.7
6726,0.00008187,64672.8
6727,0.00006540,64681.9
6728,0.00028499,64691.0
6729,0.00014493,64700.1
6730,0.00005269,64709.3
6731,0.00005478,64718.4
6732,0.00007991,64727.5
6733,0.00025619,64736.6
6734,0.00006778,64745.7
6735,0.00006966,64754.8
6736,0.00006065,64763.9
6737,0.00008650,64773.0
6738,0.00050009,64782.1
6739,0.00009241,64791.2
6740,0.00005097,64800.3
6741,0.00005512,64809.4
6742,0.00012848,64818.5
6743,0.00010046,64827.6
6744,0.00008211,64836.7
6745,0.00023956,64845.8
6746,0.00011625,64854.9
6747,0.00015715,64864.0
6748,0.00015395,64873.1
6749,0.00009017,64882.2
6750,0.00005219,64891.3
6751,0.00007496,64900.5
6752,0.00031375,64909.6
6753,0.00010236,64918.7
6754,0.00009594,64927.8
6755,0.00014341,64936.9
6756,0.00007343,64946.0
6757,0.00007709,64955.1
6758,0.00007119,64964.2
6759,0.00010313,64973.3
6760,0.00006696,64982.4
6761,0.00005633,64991.5
6762,0.00034686,65000.6
6763,0.00034847,65009.7
6764,0.00010621,65018.8
6765,0.00008411,65027.9
6766,0.00009568,65037.0
6767,0.00032426,65046.1
6768,0.00008714,65055.2
6769,0.00006658,65064.3
6770,0.00027236,65073.4
6771,0.00005179,65082.5
6772,0.00006755,65091.6
6773,0.00023382,65100.7
6774,0.00006559,65109.8
6775,0.00008476,65118.9
6776,0.00009037,65128.0
6777,0.00015374,65137.1
6778,0.00010886,65146.2
6779,0.00017350,65155.3
6780,0.00012552,65164.4
6781,0.00014048,65173.5
6782,0.00007566,65182.6
6783,0.00014519,65191.7
6784,0.00006046,65200.8
6785,0.00010243,65209.9
6786,0.00011707,65219.0
6787,0.00017544,65228.1
6788,0.00029533,65237.2
6789,0.00007177,65246.3
6790,0.00018940,65255.4
6791,0.00005437,65264.5
6792,0.00005832,65273.6
6793,0.00016841,65282.7
6794,0.00017289,65291.8
6795,0.00006607,65300.9
6796,0.00006749,65310.0
6797,0.00023377,65319.1
6798,0.00011222,65328.2
6799,0.00010299,65337.3
6800,0.00007537,65346.4
6801,0.00007365,65355.5
6802,0.00034879,65364.6
6803,0.00013871,65373.7
6804,0.00004932,65382.8
6805,0.00004570,65391.9
6806,0.00016336,65401.0
6807,0.00018845,65410.1
6808,0.00004937,65419.2
6809,0.00008292,65428.3
6810,0.00014661,65437.4
6811,0.00008177,65446.5
6812,0.00013352,65455.6
6813,0.00018515,65464.7
6814,0.00011891,65473.8
6815,0.00005869,65482.9
6816,0.00004589,65492.0
6817,0.00013404,65501.1
6818,0.00005839,65510.2
6819,0.00016856,65519.3
6820,0.00031551,65528.4
6821,0.00009906,65537.5
6822,0.00006157,65546.6
6823,0.00018353,65555.7
6824,0.00010260,65564.8
6825,0.00020441,65573.9
6826,0.00007493,65583.0
6827,0.00007431,65592.1
6828,0.00025700,65601.2
6829,0.00011315,65610.3
6830,0.00007858,65619.4
6831,0.00018081,65628.5
6832,0.00008637,65637.6
6833,0.00004992,65646.7
6834,0.00013829,65655.8
6835,0.00016689,65664.9
6836,0.00009618,65674.0
6837,0.00004410,65683.1
6838,0.00016012,65692.2
6839,0.00028227,65701.3
6840,0.00005316,65710.4
6841,0.00012616,65719.5
6842,0.00016965,65728.6
6843,0.00013414,65737.7
6844,0.00010899,65746.8
6845,0.00006284,65756.0
6846,0.00006586,65765.1
6847,0.00008194,65774.2
6848,0.00009110,65783.2
6849,0.00006092,65792.4
6850,0.00014687,65801.5
6851,0.00016783,65810.6
6852,0.00007051,65819.7
6853,0.00007459,65828.8
6854,0.00021130,65837.9
6855,0.00029107,65847.0
6856,0.00010516,65856.0
6857,0.00008218,65865.2
6858,0.00010364,65874.3
6859,0.00008593,65883.4
6860,0.00008325,65892.4
6861,0.00006028,65901.6
6862,0.00006468,65910.7
6863,0.00045026,65919.8
6864,0.00037058,65928.8
6865,0.00007686,65938.0
6866,0.00004722,65947.1
6867,0.00007595,65956.2
6868,0.00018958,65965.3
6869,0.00018778,65974.3
6870,0.00015174,65983.5
6871,0.00007948,65992.5
6872,0.00004910,66001.6
6873,0.00007660,66010.7
6874,0.00025913,66019.8
6875,0.00010810,66028.9
6876,0.00005815,66038.0
6877,0.00010520,66047.1
6878,0.00007392,66056.2
6879,0.00005186,66065.3
6880,0.00010331,66074.4
6881,0.00028188,66083.5
6882,0.00013057,66092.6
6883,0.00012729,66101.7
6884,0.00010539,66110.8
6885,0.00007351,66119.9
6886,0.00030666,66129.0
6887,0.00018722,66138.1
6888,0.00011415,66147.2
6889,0.00016192,66156.3
6890,0.00006976,66165.4
6891,0.00005668,66174.5
6892,0.00018777,66183.6
6893,0.00016695,66192.6
6894,0.00011286,66201.8
6895,0.00006246,66210.9
6896,0.00004865,66220.0
6897,0.00004619,66229.1
6898,0.00042286,66238.1
6899,0.00024435,66247.3
6900,0.00005270,66256.3
6901,0.00005383,66265.4
6902,0.00013585,66274.5
6903,0.00012001,66283.6
6904,0.00008424,66292.7
6905,0.00010906,66301.8
6906,0.00008163,66310.9
6907,0.00020697,66320.0
6908,0.00006755,66329.1
6909,0.00012060,66338.2
6910,0.00008286,66347.3
6911,0.00010665,66356.4
6912,0.00010628,66365.5
6913,0.00011354,66374.6
6914,0.00007505,66383.7
6915,0.00005461,66392.8
6916,0.00005357,66401.9
6917,0.00023674,66411.0
6918,0.00024350,66420.1
6919,0.00011446,66429.2
6920,0.00004254,66438.3
6921,0.00009336,66447.4
6922,0.00020962,66456.4
6923,0.00013317,66465.5
6924,0.00006040,66474.6
6925,0.00008137,66483.7
6926,0.00012798,66492.8
6927,0.00006259,66501.9
6928,0.00005345,66511.0
6929,0.00008940,66520.1
6930,0.00037881,66529.2
6931,0.00007893,66538.3
6932,0.00008947,66547.4
6933,0.00009886,66556.5
6934,0.00023689,66565.6
6935,0.00007110,66574.7
6936,0.00022408,66583.8
6937,0.00015564,66592.9
6938,0.00020725,66602.0
6939,0.00014430,66611.1
6940,0.00005262,66620.2
6941,0.00005514,66629.3
6942,0.00006017,66638.3
6943,0.00007200,66647.4
6944,0.00006006,66656.5
6945,0.00017774,66665.6
6946,0.00018295,66674.7
6947,0.00006030,66683.8
6948,0.00005141,66692.9
6949,0.00031889,66702.0
6950,0.00009153,66711.1
6951,0.00007449,66720.2
6952,0.00008919,66729.3
6953,0.00010874,66738.4
6954,0.00012542,66747.5
6955,0.00018574,66756.6
6956,0.00007349,66765.7
6957,0.00013348,66774.8
6958,0.00019824,66783.9
6959,0.00005592,66793.0
6960,0.00006110,66802.1
6961,0.00004428,66811.2
6962,0.00010652,66820.3
6963,0.00035116,66829.4
6964,0.00024254,66838.4
6965,0.00005318,66847.6
6966,0.00007376,66856.7
6967,0.00009939,66865.8
6968,0.00010355,66874.8
6969,0.00016068,66884.0
6970,0.00009355,66893.1
6971,0.00040869,66902.1
6972,0.00005689,66911.2
6973,0.00005661,66920.3
6974,0.00010702,66929.4
6975,0.00005436,66938.5
6976,0.00019796,66947.6
6977,0.00008928,66956.7
6978,0.00004778,66965.8
6979,0.00009976,66974.9
6980,0.00009608,66984.0
6981,0.00017653,66993.1
6982,0.00010484,67002.2
6983,0.00032467,67011.3
6984,0.00005032,67020.4
6985,0.00006428,67029.5
6986,0.00007051,67038.6
6987,0.00008194,67047.7
6988,0.00008152,67056.8
6989,0.00017349,67065.9
6990,0.00006903,67075.0
6991,0.00005333,67084.1
6992,0.00005234,67093.2
6993,0.00029403,67102.3
6994,0.00017632,67111.5
6995,0.00005288,67120.6
6996,0.00006252,67129.6
6997,0.00016262,67138.8
6998,0.00054189,67147.9
6999,0.00005717,67156.9
7000,0.00004905,67166.1
7001,0.00004453,67175.3
7002,0.00007761,67184.4
7003,0.00004646,67193.5
7004,0.00014586,67202.6
7005,0.00014246,67211.7
7006,0.00007875,67220.8
7007,0.00005640,67229.9
7008,0.00014823,67239.0
7009,0.00015597,67248.1
7010,0.00005638,67257.2
7011,0.00044840,67266.3
7012,0.00019880,67275.4
7013,0.00006062,67284.5
7014,0.00006542,67293.6
7015,0.00008863,67302.7
7016,0.00006280,67311.8
7017,0.00009396,67320.9
7018,0.00009316,67330.0
7019,0.00028853,67339.1
7020,0.00006379,67348.2
7021,0.00015133,67357.3
7022,0.00010099,67366.4
7023,0.00018630,67375.5
7024,0.00026624,67384.6
7025,0.00004069,67393.8
7026,0.00004229,67402.9
7027,0.00014455,67412.0
7028,0.00008357,67421.1
7029,0.00006294,67430.2
7030,0.00013351,67439.3
7031,0.00024539,67448.4
7032,0.00018273,67457.5
7033,0.00005883,67466.6
7034,0.00006647,67475.7
7035,0.00007764,67484.8
7036,0.00007204,67493.9
7037,0.00012802,67503.0
7038,0.00005854,67512.1
7039,0.00004789,67521.2
7040,0.00008626,67530.3
7041,0.00021389,67539.4
7042,0.00009611,67548.5
7043,0.00016041,67557.6
7044,0.00005710,67566.7
7045,0.00008686,67575.8
7046,0.00014346,67584.9
7047,0.00016586,67594.0
7048,0.00005988,67603.1
7049,0.00013093,67612.2
7050,0.00008719,67621.3
7051,0.00013061,67630.4
7052,0.00005388,67639.5
7053,0.00005948,67648.6
7054,0.00009565,67657.7
7055,0.00007785,67666.8
7056,0.00031526,67675.9
7057,0.00008747,67685.0
7058,0.00005667,67694.1
7059,0.00015592,67703.2
7060,0.00010286,67712.3
7061,0.00020470,67721.3
7062,0.00004585,67730.5
7063,0.00014656,67739.6
7064,0.00016223,67748.6
7065,0.00004653,67757.7
7066,0.00005320,67766.9
7067,0.00004421,67776.0
7068,0.00008058,67785.1
7069,0.00010530,67794.2
7070,0.00027747,67803.3
7071,0.00033517,67812.4
7072,0.00009353,67821.5
7073,0.00004900,67830.6
7074,0.00004282,67839.7
7075,0.00017734,67848.8
7076,0.00028601,67857.9
7077,0.00004638,67867.0
7078,0.00005794,67876.1
7079,0.00003857,67885.2
7080,0.00007800,67894.3
7081,0.00018173,67903.4
7082,0.00011235,67912.5
7083,0.00034531,67921.7
7084,0.00004978,67930.8
7085,0.00008046,67939.9
7086,0.00004730,67949.0
7087,0.00017372,67958.1
7088,0.00009683,67967.2
7089,0.00016402,67976.3
7090,0.00008545,67985.4
7091,0.00014265,67994.5
7092,0.00017006,68003.7
7093,0.00012245,68012.7
7094,0.00028295,68021.9
7095,0.00006897,68031.0
7096,0.00004303,68040.1
7097,0.00009296,68049.2
7098,0.00009339,68058.3
7099,0.00010720,68067.4
7100,0.00004226,68076.5
7101,0.00014206,68085.6
7102,0.00005102,68094.7
7103,0.00014934,68103.8
7104,0.00026051,68112.9
7105,0.00012948,68122.0
7106,0.00005575,68131.1
7107,0.00004905,68140.2
7108,0.00026375,68149.4
7109,0.00014058,68158.5
7110,0.00003968,68167.6
7111,0.00017052,68176.7
7112,0.00014883,68185.8
7113,0.00011370,68194.9
7114,0.00005394,68204.0
7115,0.00023878,68213.1
7116,0.00004727,68222.2
7117,0.00004577,68231.4
7118,0.00016064,68240.5
7119,0.00009402,68249.5
7120,0.00016216,68258.6
7121,0.00018864,68267.8
7122,0.00008165,68276.9
7123,0.00006552,68286.0
7124,0.00006682,68295.1
7125,0.00004390,68304.2
7126,0.00007523,68313.3
7127,0.00010969,68322.4
7128,0.00011058,68331.5
7129,0.00024953,68340.6
7130,0.00034288,68349.7
7131,0.00013732,68358.8
7132,0.00008930,68367.9
7133,0.00013308,68377.1
7134,0.00005527,68386.2
7135,0.00004437,68395.3
7136,0.00010325,68404.4
7137,0.00005949,68413.5
7138,0.00013602,68422.6
7139,0.00008686,68431.7
7140,0.00041369,68440.8
7141,0.00007294,68449.9
7142,0.00004069,68459.0
7143,0.00004556,68468.1
7144,0.00004402,68477.2
7145,0.00014680,68486.3
7146,0.00017988,68495.4
7147,0.00010155,68504.5
7148,0.00005610,68513.6
7149,0.00019796,68522.8
7150,0.00016969,68531.9
7151,0.00003855,68541.0
7152,0.00004830,68550.1
7153,0.00016415,68559.2
7154,0.00009726,68568.4
7155,0.00010266,68577.5
7156,0.00008412,68586.6
7157,0.00007074,68595.6
7158,0.00039365,68604.7
7159,0.00007846,68613.9
7160,0.00005552,68623.0
7161,0.00012641,68632.1
7162,0.00008973,68641.2
7163,0.00006008,68650.3
7164,0.00007259,68659.4
7165,0.00007263,68668.5
7166,0.00041936,68677.6
7167,0.00028845,68686.7
7168,0.00010246,68695.8
7169,0.00003861,68704.9
7170,0.00006860,68714.0
7171,0.00006217,68723.1
7172,0.00022322,68732.2
7173,0.00014832,68741.3
7174,0.00007250,68750.4
7175,0.00004882,68759.5
7176,0.00005410,68768.6
7177,0.00021763,68777.7
7178,0.00008564,68786.8
7179,0.00006903,68795.9
7180,0.00009975,68805.0
7181,0.00004956,68814.1
7182,0.00005746,68823.2
7183,0.00010157,68832.3
7184,0.00012536,68841.5
7185,0.00016649,68850.6
7186,0.00017544,68859.7
7187,0.00013689,68868.8
7188,0.00004860,68877.9
7189,0.00005679,68887.0
7190,0.00013650,68896.1
7191,0.00013861,68905.2
7192,0.00053081,68914.3
7193,0.00007418,68923.4
7194,0.00007301,68932.5
7195,0.00004048,68941.6
7196,0.00025521,68950.8
7197,0.00005433,68959.9
7198,0.00004577,68969.0
7199,0.00006870,68978.1
7200,0.00012264,68987.2
7201,0.00011968,68996.3
7202,0.00011053,69005.4
7203,0.00012170,69014.5
7204,0.00005115,69023.6
7205,0.00008990,69032.7
7206,0.00004540,69041.8
7207,0.00011527,69050.9
7208,0.00043849,69060.0
7209,0.00007412,69069.2
7210,0.00006525,69078.3
7211,0.00022781,69087.4
7212,0.00005955,69096.5
7213,0.00010885,69105.6
7214,0.00015207,69114.7
7215,0.00005431,69123.8
7216,0.00004601,69132.9
7217,0.00006513,69142.0
7218,0.00022122,69151.1
7219,0.00014672,69160.2
7220,0.00016605,69169.3
7221,0.00013955,69178.4
7222,0.00004737,69187.5
7223,0.00005848,69196.6
7224,0.00003695,69205.7
7225,0.00006408,69214.9
7226,0.00008789,69224.0
7227,0.00023977,69233.1
7228,0.00012071,69242.3
7229,0.00036039,69251.4
7230,0.00006475,69260.5
7231,0.00007708,69269.6
7232,0.00007793,69278.7
7233,0.00008714,69287.8
7234,0.00009355,69297.0
7235,0.00005717,69306.0
7236,0.00011112,69315.1
7237,0.00018877,69324.2
7238,0.00005883,69333.4
7239,0.00027635,69342.5
7240,0.00008705,69351.6
7241,0.00012923,69360.7
7242,0.00024513,69369.8
7243,0.00004030,69378.9
7244,0.00004374,69388.0
7245,0.00005350,69397.1
7246,0.00008586,69406.2
7247,0.00013211,69415.3
7248,0.00011923,69424.5
7249,0.00022120,69433.6
7250,0.00007882,69442.7
7251,0.00007367,69451.9
7252,0.00014820,69461.0
7253,0.00013886,69470.1
7254,0.00005448,69479.2
7255,0.00006645,69488.3
7256,0.00003844,69497.4
7257,0.00006262,69506.5
7258,0.00033934,69515.6
7259,0.00011703,69524.7
7260,0.00004193,69533.8
7261,0.00004099,69542.9
7262,0.00011821,69552.0
7263,0.00009560,69561.1
7264,0.00007946,69570.2
7265,0.00014470,69579.3
7266,0.00022346,69588.4
7267,0.00004933,69597.5
7268,0.00008161,69606.6
7269,0.00008170,69615.7
7270,0.00029374,69624.8
7271,0.00024202,69633.9
7272,0.00004420,69643.0
7273,0.00007404,69652.1
7274,0.00004532,69661.2
7275,0.00005880,69670.3
7276,0.00019301,69679.4
7277,0.00005383,69688.5
7278,0.00006700,69697.6
7279,0.00006541,69706.7
7280,0.00034312,69715.8
7281,0.00011571,69725.0
7282,0.00025566,69734.0
7283,0.00005917,69743.1
7284,0.00004578,69752.2
7285,0.00005288,69761.3
7286,0.00004080,69770.4
7287,0.00005300,69779.5
7288,0.00023150,69788.6
7289,0.00018462,69797.7
7290,0.00012326,69806.8
7291,0.00006486,69815.9
7292,0.00006799,69825.0
7293,0.00020406,69834.1
7294,0.00006602,69843.2
7295,0.00016514,69852.3
7296,0.00005587,69861.4
7297,0.00009209,69870.5
7298,0.00006271,69879.6
7299,0.00004512,69888.7
7300,0.00021095,69897.8
7301,0.00016021,69906.9
7302,0.00007565,69916.0
7303,0.00005486,69925.1
7304,0.00012273,69934.2
7305,0.00005719,69943.4
7306,0.00004766,69952.6
7307,0.00022990,69961.7
7308,0.00010340,69970.9
7309,0.00010539,69980.0
7310,0.00006575,69989.1
7311,0.00007698,69998.2
7312,0.00005094,70007.3
7313,0.00030535,70016.4
7314,0.00012441,70025.5
7315,0.00019142,70034.6
7316,0.00007883,70043.7
7317,0.00010787,70052.8
7318,0.00013565,70061.8
7319,0.00006218,70071.0
7320,0.00008378,70080.0
7321,0.00007608,70089.1
7322,0.00008931,70098.2
7323,0.00009851,70107.4
7324,0.00022146,70116.5
7325,0.00016525,70125.6
7326,0.00006672,70134.6
7327,0.00017375,70143.8
7328,0.00006701,70152.8
7329,0.00009551,70161.9
7330,0.00020536,70171.0
7331,0.00003917,70180.2
7332,0.00004480,70189.3
7333,0.00004723,70198.3
7334,0.00025375,70207.5
7335,0.00010709,70216.6
7336,0.00017938,70225.7
7337,0.00016525,70234.8
7338,0.00004543,70243.9
7339,0.00014091,70253.0
7340,0.00023577,70262.1
7341,0.00006450,70271.2
7342,0.00009697,70280.3
7343,0.00010405,70289.4
7344,0.00016348,70298.5
7345,0.00013019,70307.6
7346,0.00004106,70316.7
7347,0.00010135,70325.8
7348,0.00056195,70334.9
7349,0.00008519,70344.0
7350,0.00005291,70353.1
7351,0.00005487,70362.2
7352,0.00005128,70371.3
7353,0.00013945,70380.4
7354,0.00015698,70389.5
7355,0.00004375,70398.6
7356,0.00007785,70407.7
7357,0.00016224,70416.8
7358,0.00005149,70425.9
7359,0.00004994,70435.0
7360,0.00037558,70444.1
7361,0.00010351,70453.2
7362,0.00014348,70462.3
7363,0.00009309,70471.4
7364,0.00003840,70480.5
7365,0.00004546,70489.6
7366,0.00013126,70498.7
7367,0.00004661,70507.8
7368,0.00004934,70516.9
7369,0.00008446,70526.0
7370,0.00009293,70535.1
7371,0.00041118,70544.2
7372,0.00023259,70553.3
7373,0.00003722,70562.4
7374,0.00005055,70571.5
7375,0.00015608,70580.6
7376,0.00006462,70589.7
7377,0.00016417,70598.8
7378,0.00009891,70607.9
7379,0.00004181,70617.0
7380,0.00010582,70626.1
7381,0.00006662,70635.2
7382,0.00013330,70644.4
7383,0.00008591,70653.5
7384,0.00008630,70662.6
7385,0.00004142,70671.7
7386,0.00017741,70680.8
7387,0.00010734,70689.9
7388,0.00011962,70699.0
7389,0.00006673,70708.0
7390,0.00013856,70717.2
7391,0.00008186,70726.3
7392,0.00004560,70735.4
7393,0.00004107,70744.5
7394,0.00011699,70753.6
7395,0.00012669,70762.7
7396,0.00015704,70771.8
7397,0.00028030,70780.9
7398,0.00004463,70790.0
7399,0.00003785,70799.1
7400,0.00006797,70808.2
7401,0.00024797,70817.3
7402,0.00009628,70826.4
7403,0.00007961,70835.5
7404,0.00008538,70844.6
7405,0.00011164,70853.7
7406,0.00003764,70862.8
7407,0.00003743,70871.9
7408,0.00019485,70881.0
7409,0.00020892,70890.1
7410,0.00006047,70899.2
7411,0.00010226,70908.3
7412,0.00007590,70917.4
7413,0.00004771,70926.5
7414,0.00010620,70935.6
7415,0.00012861,70944.7
7416,0.00006496,70953.9
7417,0.00005967,70962.9
7418,0.00004065,70972.0
7419,0.00004500,70981.1
7420,0.00026854,70990.3
7421,0.00012490,70999.4
7422,0.00023061,71008.4
7423,0.00015275,71017.5
7424,0.00004555,71026.7
7425,0.00004206,71035.8
7426,0.00004546,71044.9
7427,0.00005761,71054.0
7428,0.00038651,71063.1
7429,0.00013745,71072.2
7430,0.00006150,71081.3
7431,0.00009836,71090.4
7432,0.00004049,71099.5
7433,0.00016546,71108.6
7434,0.00011591,71117.7
7435,0.00008204,71126.8
7436,0.00008392,71135.9
7437,0.00014651,71145.0
7438,0.00005175,71154.1
7439,0.00004745,71163.2
7440,0.00003623,71172.3
7441,0.00029978,71181.4
7442,0.00007136,71190.5
7443,0.00006547,71199.6
7444,0.00004798,71208.7
7445,0.00007067,71217.9
7446,0.00008491,71227.0
7447,0.00018965,71236.0
7448,0.00011095,71245.1
7449,0.00005389,71254.3
7450,0.00004780,71263.3
7451,0.00005777,71272.4
7452,0.00020180,71281.5
7453,0.00012289,71290.6
7454,0.00007944,71299.7
7455,0.00006543,71308.8
7456,0.00009019,71317.9
7457,0.00008759,71327.0
7458,0.00021967,71336.1
7459,0.00018898,71345.2
7460,0.00005228,71354.3
7461,0.00004302,71363.4
7462,0.00018884,71372.5
7463,0.00005044,71381.6
7464,0.00004122,71390.7
7465,0.00007422,71399.8
7466,0.00005400,71408.9
7467,0.00034091,71418.0
7468,0.00010138,71427.1
7469,0.00006137,71436.2
7470,0.00010405,71445.3
7471,0.00007791,71454.4
7472,0.00014096,71463.5
7473,0.00004607,71472.6
7474,0.00010595,71481.8
7475,0.00005506,71490.9
7476,0.00022191,71500.0
7477,0.00005631,71509.1
7478,0.00010627,71518.2
7479,0.00022854,71527.3
7480,0.00011415,71536.4
7481,0.00003993,71545.5
7482,0.00010448,71554.7
7483,0.00009063,71563.7
7484,0.00003876,71572.8
7485,0.00003686,71581.9
7486,0.00035754,71591.0
7487,0.00004969,71600.1
7488,0.00003968,71609.2
7489,0.00005774,71618.3
7490,0.00005673,71627.5
7491,0.00015164,71636.5
7492,0.00005914,71645.6
7493,0.00004097,71654.7
7494,0.00009699,71663.8
7495,0.00010456,71673.0
7496,0.00020970,71682.0
7497,0.00016606,71691.1
7498,0.00012062,71700.2
7499,0.00006057,71709.3
7500,0.00004750,71718.4
7501,0.00004042,71727.6
7502,0.00006567,71736.7
7503,0.00011225,71745.9
7504,0.00009388,71754.9
7505,0.00020924,71764.0
7506,0.00007389,71773.1
7507,0.00003856,71782.3
7508,0.00017937,71791.4
7509,0.00029364,71800.5
7510,0.00006208,71809.6
7511,0.00017785,71818.7
7512,0.00015582,71827.8
7513,0.00003407,71836.8
7514,0.00005317,71846.0
7515,0.00009945,71855.1
7516,0.00016798,71864.2
7517,0.00015938,71873.3
7518,0.00011070,71882.4
7519,0.00004009,71891.5
7520,0.00005117,71900.6
7521,0.00006989,71909.6
7522,0.00024591,71918.7
7523,0.00007182,71927.9
7524,0.00003747,71936.9
7525,0.00007913,71946.0
7526,0.00008766,71955.1
7527,0.00008022,71964.2
7528,0.00007458,71973.3
7529,0.00027096,71982.4
7530,0.00013383,71991.5
7531,0.00005465,72000.6
7532,0.00008166,72009.7
7533,0.00010592,72018.8
7534,0.00009810,72027.9
7535,0.00008463,72037.0
7536,0.00005091,72046.1
7537,0.00009332,72055.2
7538,0.00009373,72064.3
7539,0.00007846,72073.4
7540,0.00010827,72082.4
7541,0.00022700,72091.5
7542,0.00006081,72100.6
7543,0.00029993,72109.7
7544,0.00003576,72118.9
7545,0.00003276,72128.0
7546,0.00003205,72137.1
7547,0.00005573,72146.2
7548,0.00014025,72155.4
7549,0.00050494,72164.4
7550,0.00004376,72173.6
7551,0.00009536,72182.7
7552,0.00026952,72191.8
7553,0.00007411,72200.9
7554,0.00003476,72210.0
7555,0.00004468,72219.1
7556,0.00003680,72228.2
7557,0.00004376,72237.3
7558,0.00014389,72246.4
7559,0.00014759,72255.5
7560,0.00009354,72264.6
7561,0.00035130,72273.7
7562,0.00008238,72282.8
7563,0.00004237,72291.9
7564,0.00003496,72301.0
7565,0.00014844,72310.2
7566,0.00019876,72319.2
7567,0.00004296,72328.3
7568,0.00003806,72337.4
7569,0.00003895,72346.5
7570,0.00066339,72355.7
7571,0.00026916,72364.8
7572,0.00012991,72373.9
7573,0.00003861,72383.0
7574,0.00004049,72392.1
7575,0.00007315,72401.2
7576,0.00009622,72410.3
7577,0.00028091,72419.4
7578,0.00024632,72428.5
7579,0.00004070,72437.6
7580,0.00005602,72446.7
7581,0.00004699,72455.8
7582,0.00007512,72464.9
7583,0.00012824,72474.0
7584,0.00006220,72483.1
7585,0.00005682,72492.2
7586,0.00005960,72501.3
7587,0.00007628,72510.4
7588,0.00020197,72519.5
7589,0.00004113,72528.6
7590,0.00006560,72537.8
7591,0.00018722,72546.9
7592,0.00005382,72556.0
7593,0.00005457,72565.1
7594,0.00020531,72574.2
7595,0.00008218,72583.3
7596,0.00011047,72592.4
7597,0.00027102,72601.5
7598,0.00004109,72610.6
7599,0.00004748,72619.7
7600,0.00003597,72628.8
7601,0.00011625,72637.9
7602,0.00006823,72647.0
7603,0.00017273,72656.1
7604,0.00020494,72665.2
7605,0.00020155,72674.3
7606,0.00004873,72683.4
7607,0.00003671,72692.5
7608,0.00007051,72701.6
7609,0.00005888,72710.7
7610,0.00011724,72719.8
7611,0.00014276,72728.9
7612,0.00006714,72738.1
7613,0.00005105,72747.2
7614,0.00003979,72756.3
7615,0.00007311,72765.4
7616,0.00032109,72774.5
7617,0.00009065,72783.6
7618,0.00005060,72792.7
7619,0.00009249,72801.8
7620,0.00013894,72810.9
7621,0.00006575,72820.0
7622,0.00018075,72829.1
7623,0.00020276,72838.2
7624,0.00013141,72847.3
7625,0.00003357,72856.4
7626,0.00003847,72865.5
7627,0.00018644,72874.6
7628,0.00013809,72883.7
7629,0.00007347,72892.8
7630,0.00005061,72901.9
7631,0.00005162,72911.0
7632,0.00011935,72920.1
7633,0.00009378,72929.2
7634,0.00008232,72938.3
7635,0.00016286,72947.4
7636,0.00004003,72956.5
7637,0.00018662,72965.6
7638,0.00007301,72974.7
7639,0.00005632,72983.8
7640,0.00018069,72992.9
7641,0.00013227,73002.0
7642,0.00003641,73011.1
7643,0.00003665,73020.2
7644,0.00004287,73029.3
7645,0.00024977,73038.4
7646,0.00017225,73047.5
7647,0.00006852,73056.6
7648,0.00009395,73065.7
7649,0.00017478,73074.8
7650,0.00008224,73083.9
7651,0.00003420,73093.0
7652,0.00022180,73102.1
7653,0.00005630,73111.2
7654,0.00003983,73120.3
7655,0.00017966,73129.4
7656,0.00016115,73138.5
7657,0.00010632,73147.6
7658,0.00005802,73156.7
7659,0.00003939,73165.8
7660,0.00010965,73174.9
7661,0.00019406,73184.0
7662,0.00021409,73193.1
7663,0.00004152,73202.2
7664,0.00005317,73211.3
7665,0.00004594,73220.4
7666,0.00008069,73229.5
7667,0.00015217,73238.7
7668,0.00012539,73247.7
7669,0.00009632,73256.8
7670,0.00004707,73265.9
7671,0.00010866,73275.1
7672,0.00012764,73284.2
7673,0.00037656,73293.3
7674,0.00004628,73302.4
7675,0.00006941,73311.5
7676,0.00013288,73320.6
7677,0.00004327,73329.7
7678,0.00004460,73338.8
7679,0.00007283,73347.9
7680,0.00010303,73357.0
7681,0.00009544,73366.1
7682,0.00025423,73375.2
7683,0.00004585,73384.3
7684,0.00005423,73393.5
7685,0.00013356,73402.6
7686,0.00004302,73411.7
7687,0.00004167,73420.8
7688,0.00005676,73429.9
7689,0.00009763,73439.0
7690,0.00054644,73448.1
7691,0.00008199,73457.2
7692,0.00005011,73466.3
7693,0.00004021,73475.4
7694,0.00004108,73484.5
7695,0.00008908,73493.6
7696,0.00004001,73502.7
7697,0.00008284,73511.8
7698,0.00017969,73520.9
7699,0.00029419,73530.0
7700,0.00005089,73539.2
7701,0.00003605,73548.3
7702,0.00003703,73557.4
7703,0.00005348,73566.4
7704,0.00019321,73575.6
7705,0.00010588,73584.7
7706,0.00003448,73593.8
7707,0.00005410,73602.9
7708,0.00013925,73612.0
7709,0.00012815,73621.1
7710,0.00008983,73630.2
7711,0.00036265,73639.3
7712,0.00008228,73648.4
7713,0.00006061,73657.5
7714,0.00011733,73666.6
7715,0.00003585,73675.7
7716,0.00004405,73684.8
7717,0.00010408,73694.0
7718,0.00014586,73703.1
7719,0.00005183,73712.2
7720,0.00003607,73721.3
7721,0.00006028,73730.4
7722,0.00024593,73739.5
7723,0.00013257,73748.6
7724,0.00024943,73757.7
7725,0.00004026,73766.8
7726,0.00003566,73775.9
7727,0.00003688,73785.0
7728,0.00004459,73794.1
7729,0.00014834,73803.2
7730,0.00011467,73812.3
7731,0.00007493,73821.4
7732,0.00013622,73830.5
7733,0.00005786,73839.6
7734,0.00004019,73848.8
7735,0.00021855,73857.8
7736,0.00027528,73866.9
7737,0.00004715,73876.0
7738,0.00005734,73885.2
7739,0.00003389,73894.2
7740,0.00008604,73903.3
7741,0.00005345,73912.4
7742,0.00004512,73921.6
7743,0.00021387,73930.6
7744,0.00016132,73939.8
7745,0.00010026,73948.8
7746,0.00004986,73958.0
7747,0.00003094,73967.1
7748,0.00003977,73976.2
7749,0.00035242,73985.3
7750,0.00004910,73994.4
7751,0.00004619,74003.7
7752,0.00013239,74012.8
7753,0.00007876,74021.8
7754,0.00020099,74031.0
7755,0.00005639,74040.1
7756,0.00006467,74049.2
7757,0.00005934,74058.3
7758,0.00008072,74067.4
7759,0.00011673,74076.5
7760,0.00013038,74085.6
7761,0.00016508,74094.7
7762,0.00004392,74103.8
7763,0.00005329,74113.0
7764,0.00004912,74122.1
7765,0.00012245,74131.2
7766,0.00008110,74140.2
7767,0.00004211,74149.3
7768,0.00010147,74158.5
7769,0.00004607,74167.6
7770,0.00010576,74176.7
7771,0.00029533,74185.8
7772,0.00020747,74194.9
7773,0.00006613,74204.0
7774,0.00004739,74213.1
7775,0.00005663,74222.2
7776,0.00004221,74231.3
7777,0.00018320,74240.4
7778,0.00006519,74249.5
7779,0.00020995,74258.6
7780,0.00003743,74267.7
7781,0.00006722,74276.8
7782,0.00005848,74285.9
7783,0.00007931,74295.0
7784,0.00014560,74304.1
7785,0.00014177,74313.2
7786,0.00008504,74322.3
7787,0.00009282,74331.4
7788,0.00028105,74340.5
7789,0.00005593,74349.6
7790,0.00003483,74358.7
7791,0.00008717,74367.8
7792,0.00005214,74376.9
7793,0.00015375,74386.1
7794,0.00009906,74395.2
7795,0.00006454,74404.3
7796,0.00019227,74413.4
7797,0.00016980,74422.5
7798,0.00004035,74431.6
7799,0.00004340,74440.7
7800,0.00003863,74449.8
7801,0.00016776,74458.9
7802,0.00009172,74468.0
7803,0.00006681,74477.1
7804,0.00003727,74486.2
7805,0.00004299,74495.4
7806,0.00015948,74504.5
7807,0.00007293,74513.6
7808,0.00004329,74522.7
7809,0.00005697,74531.8
7810,0.00009102,74540.9
7811,0.00020571,74550.0
7812,0.00008093,74559.1
7813,0.00013581,74568.2
7814,0.00012598,74577.3
7815,0.00009871,74586.5
7816,0.00012667,74595.6
7817,0.00007697,74604.7
7818,0.00012551,74613.8
7819,0.00010424,74622.9
7820,0.00018786,74632.0
7821,0.00012071,74641.1
7822,0.00004626,74650.2
7823,0.00003971,74659.3
7824,0.00021298,74668.4
7825,0.00004362,74677.5
7826,0.00003840,74686.6
7827,0.00011220,74695.8
7828,0.00015194,74704.8
7829,0.00008545,74713.9
7830,0.00004146,74723.0
7831,0.00003667,74732.2
7832,0.00006739,74741.3
7833,0.00003439,74750.4
7834,0.00020443,74759.5
7835,0.00014037,74768.6
7836,0.00004694,74777.7
7837,0.00011635,74786.8
7838,0.00009001,74795.9
7839,0.00017275,74805.1
7840,0.00004115,74814.2
7841,0.00005986,74823.3
7842,0.00012097,74832.4
7843,0.00022355,74841.5
7844,0.00006275,74850.6
7845,0.00010319,74859.7
7846,0.00019725,74868.8
7847,0.00004756,74877.9
7848,0.00023149,74887.0
7849,0.00015705,74896.1
7850,0.00003926,74905.2
7851,0.00004335,74914.3
7852,0.00003571,74923.4
7853,0.00010961,74932.5
7854,0.00013862,74941.6
7855,0.00005871,74950.7
7856,0.00003585,74959.8
7857,0.00005307,74968.9
7858,0.00022468,74978.0
7859,0.00013715,74987.1
7860,0.00004562,74996.2
7861,0.00004075,75005.3
7862,0.00003854,75014.4
7863,0.00014766,75023.5
7864,0.00006483,75032.7
7865,0.00016115,75041.7
7866,0.00004321,75050.9
7867,0.00004034,75060.0
7868,0.00005638,75069.1
7869,0.00029792,75078.2
7870,0.00013820,75087.3
7871,0.00004812,75096.4
7872,0.00003255,75105.6
7873,0.00007356,75114.7
7874,0.00010645,75123.8
7875,0.00003863,75132.8
7876,0.00006680,75142.0
7877,0.00042783,75151.1
7878,0.00004417,75160.2
7879,0.00005714,75169.3
7880,0.00007539,75178.4
7881,0.00012079,75187.5
7882,0.00005854,75196.6
7883,0.00005255,75205.7
7884,0.00005009,75214.8
7885,0.00008124,75223.9
7886,0.00030159,75233.1
7887,0.00015019,75242.2
7888,0.00004192,75251.3
7889,0.00015554,75260.4
7890,0.00007060,75269.5
7891,0.00005858,75278.6
7892,0.00003657,75287.7
7893,0.00006046,75296.8
7894,0.00007806,75305.9
7895,0.00012015,75315.0
7896,0.00013865,75324.1
7897,0.00004519,75333.2
7898,0.00003657,75342.3
7899,0.00018895,75351.4
7900,0.00012498,75360.5
7901,0.00016739,75369.6
7902,0.00004506,75378.8
7903,0.00006348,75387.9
7904,0.00007396,75397.0
7905,0.00028125,75406.1
7906,0.00003827,75415.2
7907,0.00003955,75424.3
7908,0.00005128,75433.4
7909,0.00003429,75442.5
7910,0.00039336,75451.7
7911,0.00022552,75460.8
7912,0.00005855,75469.9
7913,0.00003021,75478.9
7914,0.00004451,75488.1
7915,0.00003269,75497.2
7916,0.00004434,75506.3
7917,0.00032343,75515.4
7918,0.00008785,75524.5
7919,0.00006165,75533.7
7920,0.00014795,75542.8
7921,0.00004158,75551.9
7922,0.00005354,75561.0
7923,0.00007896,75570.1
7924,0.00031821,75579.2
7925,0.00006218,75588.3
7926,0.00003419,75597.5
7927,0.00003755,75606.5
7928,0.00004918,75615.7
7929,0.00012034,75624.8
7930,0.00004013,75633.9
7931,0.00018764,75643.0
7932,0.00013914,75652.1
7933,0.00004172,75661.2
7934,0.00004035,75670.3
7935,0.00009883,75679.4
7936,0.00018484,75688.5
7937,0.00011219,75697.6
7938,0.00011928,75706.7
7939,0.00004638,75715.8
7940,0.00023723,75725.0
7941,0.00007568,75734.0
7942,0.00003522,75743.2
7943,0.00003509,75752.3
7944,0.00015575,75761.4
7945,0.00003991,75770.5
7946,0.00009830,75779.6
7947,0.00003518,75788.7
7948,0.00004306,75797.8
7949,0.00026249,75807.0
7950,0.00003993,75816.1
7951,0.00029987,75825.2
7952,0.00004527,75834.3
7953,0.00005593,75843.4
7954,0.00014412,75852.5
7955,0.00005105,75861.6
7956,0.00016749,75870.7
7957,0.00010926,75879.8
7958,0.00003778,75888.9
7959,0.00025156,75898.0
7960,0.00004692,75907.1
7961,0.00004120,75916.3
7962,0.00003929,75925.4
7963,0.00013320,75934.5
7964,0.00010275,75943.6
7965,0.00024086,75952.7
7966,0.00003521,75961.9
7967,0.00003761,75971.0
7968,0.00003791,75980.1
7969,0.00011223,75989.2
7970,0.00009732,75998.3
7971,0.00013168,76007.4
7972,0.00020903,76016.5
7973,0.00003540,76025.6
7974,0.00004457,76034.7
7975,0.00004838,76043.8
7976,0.00021070,76053.0
7977,0.00012842,76062.0
7978,0.00003844,76071.1
7979,0.00024271,76080.3
7980,0.00021912,76089.4
7981,0.00003398,76098.5
7982,0.00010794,76107.6
7983,0.00003966,76116.7
7984,0.00010118,76125.8
7985,0.00004986,76134.9
7986,0.00014908,76144.0
7987,0.00005763,76153.2
7988,0.00013070,76162.3
7989,0.00004832,76171.4
7990,0.00008149,76180.5
7991,0.00006037,76189.6
7992,0.00004749,76198.7
7993,0.00040432,76207.8
7994,0.00008191,76216.9
7995,0.00003259,76226.0
7996,0.00005288,76235.1
7997,0.00024541,76244.2
7998,0.00003473,76253.3
7999,0.00005390,76262.5
8000,0.00007250,76271.6
8001,0.00009652,76280.8
8002,0.00004021,76289.8
8003,0.00005451,76299.0
8004,0.00016422,76308.1
8005,0.00011608,76317.2
8006,0.00006712,76326.3
8007,0.00004889,76335.4
8008,0.00004200,76344.5
8009,0.00004696,76353.6
8010,0.00022723,76362.7
8011,0.00013996,76371.8
8012,0.00006118,76380.9
8013,0.00004928,76390.0
8014,0.00004548,76399.1
8015,0.00013998,76408.2
8016,0.00005239,76417.3
8017,0.00010032,76426.4
8018,0.00009424,76435.5
8019,0.00009766,76444.6
8020,0.00022001,76453.8
8021,0.00004172,76462.9
8022,0.00003413,76472.0
8023,0.00009542,76481.1
8024,0.00006581,76490.2
8025,0.00005489,76499.3
8026,0.00010654,76508.4
8027,0.00004981,76517.5
8028,0.00008392,76526.7
8029,0.00031339,76535.8
8030,0.00004366,76544.9
8031,0.00003618,76553.9
8032,0.00014937,76563.1
8033,0.00008850,76572.2
8034,0.00024103,76581.3
8035,0.00003495,76590.4
8036,0.00002976,76599.5
8037,0.00005207,76608.6
8038,0.00005806,76617.7
8039,0.00011687,76626.8
8040,0.00003132,76635.9
8041,0.00018296,76645.0
8042,0.00014541,76654.1
8043,0.00004582,76663.2
8044,0.00010812,76672.3
8045,0.00003102,76681.4
8046,0.00004151,76690.5
8047,0.00004480,76699.6
8048,0.00043409,76708.7
8049,0.00008795,76717.7
8050,0.00003640,76726.8
8051,0.00007679,76735.9
8052,0.00005574,76745.0
8053,0.00004600,76754.1
8054,0.00004589,76763.2
8055,0.00013751,76772.3
8056,0.00010024,76781.4
8057,0.00017611,76790.5
8058,0.00004169,76799.7
8059,0.00005631,76808.7
8060,0.00029181,76817.8
8061,0.00004249,76826.9
8062,0.00003221,76836.0
8063,0.00003280,76845.1
8064,0.00006830,76854.2
8065,0.00008003,76863.3
8066,0.00009206,76872.4
8067,0.00013152,76881.5
8068,0.00007244,76890.6
8069,0.00009829,76899.7
8070,0.00037588,76908.8
8071,0.00005147,76917.9
8072,0.00003887,76927.0
8073,0.00003483,76936.1
8074,0.00005024,76945.2
8075,0.00005492,76954.3
8076,0.00013661,76963.4
8077,0.00006020,76972.5
8078,0.00006958,76981.7
8079,0.00003299,76990.7
8080,0.00026017,76999.9
8081,0.00008000,77009.0
8082,0.00009440,77018.1
8083,0.00010459,77027.2
8084,0.00004615,77036.3
8085,0.00004314,77045.4
8086,0.00005693,77054.5
8087,0.00004820,77063.6
8088,0.00010410,77072.7
8089,0.00010455,77081.8
8090,0.00008002,77090.9
8091,0.00025662,77100.0
8092,0.00003762,77109.1
8093,0.00003827,77118.2
8094,0.00004733,77127.3
8095,0.00025027,77136.4
8096,0.00007884,77145.5
8097,0.00013216,77154.6
8098,0.00009003,77163.7
8099,0.00028396,77172.8
8100,0.00003191,77181.9
8101,0.00003325,77191.0
8102,0.00004638,77200.1
8103,0.00003573,77209.2
8104,0.00020191,77218.4
8105,0.00008533,77227.5
8106,0.00003246,77236.6
8107,0.00005845,77245.7
8108,0.00033016,77254.8
8109,0.00010565,77263.9
8110,0.00003054,77273.0
8111,0.00003463,77282.1
8112,0.00011854,77291.2
8113,0.00015841,77300.3
8114,0.00003482,77309.4
8115,0.00003385,77318.5
8116,0.00006460,77327.6
8117,0.00013870,77336.7
8118,0.00007351,77345.8
8119,0.00016914,77354.9
8120,0.00006298,77364.0
8121,0.00022526,77373.1
8122,0.00007981,77382.2
8123,0.00003258,77391.3
8124,0.00008043,77400.4
8125,0.00011510,77409.5
8126,0.00012521,77418.6
8127,0.00012005,77427.7
8128,0.00004740,77436.8
8129,0.00008108,77445.8
8130,0.00004698,77455.0
8131,0.00007124,77464.1
8132,0.00009008,77473.1
8133,0.00007249,77482.2
8134,0.00010878,77491.3
8135,0.00015877,77500.4
8136,0.00016306,77509.5
8137,0.00011893,77518.6
8138,0.00003369,77527.7
8139,0.00013880,77536.8
8140,0.00009037,77545.9
8141,0.00008554,77555.0
8142,0.00007386,77564.1
8143,0.00008219,77573.2
8144,0.00004308,77582.3
8145,0.00008458,77591.3
8146,0.00005142,77600.4
8147,0.00010401,77609.5
8148,0.00005817,77618.6
8149,0.00004388,77627.7
8150,0.00006366,77636.8
8151,0.00010565,77646.0
8152,0.00009425,77655.0
8153,0.00015538,77664.1
8154,0.00035171,77673.2
8155,0.00009094,77682.3
8156,0.00003078,77691.4
8157,0.00003827,77700.5
8158,0.00008766,77709.6
8159,0.00004176,77718.7
8160,0.00003692,77727.8
8161,0.00010198,77736.9
8162,0.00018473,77746.0
8163,0.00003945,77755.1
8164,0.00022437,77764.1
8165,0.00009720,77773.3
8166,0.00004224,77782.3
8167,0.00005554,77791.5
8168,0.00009864,77800.6
8169,0.00006189,77809.7
8170,0.00009091,77818.7
8171,0.00016015,77827.9
8172,0.00003551,77837.0
8173,0.00011378,77846.1
8174,0.00004707,77855.1
8175,0.00007143,77864.2
8176,0.00099794,77873.3
8177,0.00004058,77882.4
8178,0.00003222,77891.5
8179,0.00003549,77900.6
8180,0.00005278,77909.7
8181,0.00009709,77918.8
8182,0.00005219,77927.9
8183,0.00004243,77937.0
8184,0.00007040,77946.2
8185,0.00008582,77955.2
8186,0.00014049,77964.3
8187,0.00016128,77973.4
8188,0.00002968,77982.5
8189,0.00013752,77991.7
8190,0.00005278,78000.7
8191,0.00007015,78009.8
8192,0.00018837,78018.9
8193,0.00005082,78028.0
8194,0.00010200,78037.1
8195,0.00015413,78046.2
8196,0.00004586,78055.3
8197,0.00014558,78064.4
8198,0.00007979,78073.5
8199,0.00003270,78082.6
8200,0.00006808,78091.7
8201,0.00006986,78100.8
8202,0.00014662,78109.9
8203,0.00006159,78119.0
8204,0.00004219,78128.1
8205,0.00010105,78137.2
8206,0.00025023,78146.2
8207,0.00007222,78155.3
8208,0.00007107,78164.4
8209,0.00008895,78173.5
8210,0.00004327,78182.6
8211,0.00004504,78191.7
8212,0.00008461,78200.8
8213,0.00010903,78209.9
8214,0.00007852,78219.0
8215,0.00005789,78228.1
8216,0.00009406,78237.2
8217,0.00008455,78246.3
8218,0.00016285,78255.4
8219,0.00051083,78264.5
8220,0.00004862,78273.6
8221,0.00003772,78282.7
8222,0.00004702,78291.8
8223,0.00008516,78300.9
8224,0.00015298,78310.0
8225,0.00006878,78319.1
8226,0.00008225,78328.2
8227,0.00016169,78337.3
8228,0.00010692,78346.4
8229,0.00012474,78355.4
8230,0.00006265,78364.6
8231,0.00007788,78373.7
8232,0.00004469,78382.8
8233,0.00006248,78391.8
8234,0.00004071,78400.9
8235,0.00008580,78410.0
8236,0.00011769,78419.2
8237,0.00011681,78428.3
8238,0.00006061,78437.3
8239,0.00003890,78446.4
8240,0.00013942,78455.5
8241,0.00006376,78464.6
8242,0.00005598,78473.7
8243,0.00019107,78482.8
8244,0.00008892,78492.0
8245,0.00013033,78501.1
8246,0.00005722,78510.1
8247,0.00008173,78519.2
8248,0.00003206,78528.3
8249,0.00004692,78537.4
8250,0.00006039,78546.5
8251,0.00030264,78555.7
8252,0.00014842,78564.8
8253,0.00002936,78573.9
8254,0.00003440,78583.0
8255,0.00004674,78592.1
8256,0.00010014,78601.3
8257,0.00004099,78610.3
8258,0.00003694,78619.4
8259,0.00036698,78628.5
8260,0.00004861,78637.7
8261,0.00003510,78646.8
8262,0.00003405,78655.9
8263,0.00010207,78665.0
8264,0.00011495,78674.1
8265,0.00004089,78683.2
8266,0.00010247,78692.3
8267,0.00020138,78701.4
8268,0.00010544,78710.5
8269,0.00003255,78719.6
8270,0.00003540,78728.7
8271,0.00005229,78737.8
8272,0.00005515,78746.9
8273,0.00063868,78756.0
8274,0.00004906,78765.1
8275,0.00003720,78774.2
8276,0.00003152,78783.3
8277,0.00004229,78792.4
8278,0.00004290,78801.5
8279,0.00015875,78810.6
8280,0.00015765,78819.7
8281,0.00005570,78828.8
8282,0.00020175,78837.9
8283,0.00006589,78847.0
8284,0.00003590,78856.1
8285,0.00011545,78865.2
8286,0.00009723,78874.3
8287,0.00005031,78883.4
8288,0.00004363,78892.5
8289,0.00008509,78901.6
8290,0.00005670,78910.7
8291,0.00003252,78919.8
8292,0.00007179,78928.9
8293,0.00027086,78937.9
8294,0.00033598,78947.0
8295,0.00012091,78956.1
8296,0.00003639,78965.2
8297,0.00004075,78974.3
8298,0.00007089,78983.4
8299,0.00003677,78992.5
8300,0.00003083,79001.6
8301,0.00024143,79010.7
8302,0.00005049,79019.8
8303,0.00007245,79028.9
8304,0.00006771,79038.0
8305,0.00008593,79047.1
8306,0.00010894,79056.2
8307,0.00015135,79065.4
8308,0.00023328,79074.5
8309,0.00003032,79083.6
8310,0.00003889,79092.6
8311,0.00011710,79101.8
8312,0.00009655,79110.9
8313,0.00004842,79119.9
8314,0.00004813,79129.0
8315,0.00063575,79138.2
8316,0.00006450,79147.3
8317,0.00004222,79156.3
8318,0.00004610,79165.4
8319,0.00005523,79174.5
8320,0.00009210,79183.6
8321,0.00003735,79192.7
8322,0.00003585,79201.8
8323,0.00006289,79211.0
8324,0.00041692,79220.1
8325,0.00004128,79229.1
8326,0.00003403,79238.2
8327,0.00004521,79247.3
8328,0.00035151,79256.4
8329,0.00005021,79265.5
8330,0.00003954,79274.6
8331,0.00003149,79283.7
8332,0.00003311,79292.8
8333,0.00006977,79301.9
8334,0.00004579,79311.0
8335,0.00008844,79320.1
8336,0.00004985,79329.2
8337,0.00006292,79338.3
8338,0.00006387,79347.4
8339,0.00019056,79356.5
8340,0.00013365,79365.6
8341,0.00015406,79374.7
8342,0.00004994,79383.8
8343,0.00003793,79392.9
8344,0.00013886,79402.0
8345,0.00007648,79411.1
8346,0.00015091,79420.2
8347,0.00003867,79429.3
8348,0.00004353,79438.4
8349,0.00016678,79447.5
8350,0.00006500,79456.6
8351,0.00003170,79465.7
8352,0.00003455,79474.8
8353,0.00003824,79483.9
8354,0.00022568,79493.0
8355,0.00010216,79502.1
8356,0.00037173,79511.2
8357,0.00005128,79520.3
8358,0.00004522,79529.4
8359,0.00004794,79538.5
8360,0.00005248,79547.6
8361,0.00012628,79556.7
8362,0.00005754,79565.8
8363,0.00015036,79574.9
8364,0.00008391,79584.0
8365,0.00003545,79593.1
8366,0.00004018,79602.2
8367,0.00002964,79611.3
8368,0.00014418,79620.4
8369,0.00007950,79629.5
8370,0.00005199,79638.6
8371,0.00003609,79647.7
8372,0.00057028,79656.8
8373,0.00015085,79665.9
8374,0.00003131,79675.0
8375,0.00002945,79684.1
8376,0.00002844,79693.2
8377,0.00007645,79702.3
8378,0.00015356,79711.5
8379,0.00006002,79720.6
8380,0.00005220,79729.7
8381,0.00005367,79738.8
8382,0.00010483,79747.9
8383,0.00016324,79757.0
8384,0.00004967,79766.1
8385,0.00005280,79775.2
8386,0.00015344,79784.3
8387,0.00022537,79793.4
8388,0.00008176,79802.6
8389,0.00004666,79811.6
8390,0.00006254,79820.7
8391,0.00005538,79829.9
8392,0.00006275,79839.0
8393,0.00005456,79848.1
8394,0.00008497,79857.2
8395,0.00017597,79866.3
8396,0.00005189,79875.4
8397,0.00003390,79884.5
8398,0.00003813,79893.6
8399,0.00013167,79902.7
8400,0.00006905,79911.9
8401,0.00003610,79921.0
8402,0.00050817,79930.0
8403,0.00003991,79939.2
8404,0.00003676,79948.3
8405,0.00013767,79957.4
8406,0.00004038,79966.4
8407,0.00012132,79975.5
8408,0.00010692,79984.7
8409,0.00005237,79993.8
8410,0.00003056,80002.9
8411,0.00013661,80012.0
8412,0.00011652,80021.1
8413,0.00007597,80030.2
8414,0.00004840,80039.3
8415,0.00004925,80048.4
8416,0.00034927,80057.6
8417,0.00006896,80066.7
8418,0.00003542,80075.8
8419,0.00004981,80084.9
8420,0.00005324,80094.0
8421,0.00007923,80103.1
8422,0.00005226,80112.2
8423,0.00014172,80121.3
8424,0.00004193,80130.4
8425,0.00008726,80139.5
8426,0.00005083,80148.6
8427,0.00025268,80157.7
8428,0.00015435,80166.8
8429,0.00005455,80176.0
8430,0.00003148,80185.1
8431,0.00003460,80194.2
8432,0.00010704,80203.3
8433,0.00035643,80212.4
8434,0.00003641,80221.5
8435,0.00007685,80230.6
8436,0.00003024,80239.7
8437,0.00003081,80248.8
8438,0.00009234,80257.9
8439,0.00022213,80267.1
8440,0.00011162,80276.1
8441,0.00008160,80285.2
8442,0.00005913,80294.4
8443,0.00005682,80303.5
8444,0.00028710,80312.6
8445,0.00002985,80321.7
8446,0.00002692,80330.8
8447,0.00005720,80340.0
8448,0.00005582,80349.1
8449,0.00020654,80358.2
8450,0.00004058,80367.3
8451,0.00007171,80376.4
8452,0.00004285,80385.5
8453,0.00003110,80394.6
8454,0.00004547,80403.7
8455,0.00003519,80412.9
8456,0.00055266,80422.0
8457,0.00005181,80431.1
8458,0.00003327,80440.2
8459,0.00003094,80449.3
8460,0.00003210,80458.4
8461,0.00024127,80467.5
8462,0.00010910,80476.6
8463,0.00004044,80485.8
8464,0.00006077,80494.9
8465,0.00013679,80504.0
8466,0.00015527,80513.1
8467,0.00005036,80522.2
8468,0.00006664,80531.3
8469,0.00005927,80540.4
8470,0.00005325,80549.5
8471,0.00004252,80558.6
8472,0.00007857,80567.7
8473,0.00003921,80576.8
8474,0.00013798,80585.9
8475,0.00003913,80595.0
8476,0.00011745,80604.1
8477,0.00005750,80613.2
8478,0.00007571,80622.3
8479,0.00017765,80631.5
8480,0.00005336,80640.6
8481,0.00011345,80649.7
8482,0.00013219,80658.8
8483,0.00003704,80667.9
8484,0.00002886,80677.0
8485,0.00004742,80686.1
8486,0.00024135,80695.2
8487,0.00004072,80704.3
8488,0.00005961,80713.5
8489,0.00008483,80722.6
8490,0.00006902,80731.7
8491,0.00003459,80740.8
8492,0.00003436,80749.9
8493,0.00007957,80759.0
8494,0.00012826,80768.1
8495,0.00020064,80777.2
8496,0.00010096,80786.3
8497,0.00010855,80795.4
8498,0.00003930,80804.5
8499,0.00005761,80813.6
8500,0.00007340,80822.8
8501,0.00004870,80832.0
8502,0.00006863,80841.0
8503,0.00011310,80850.1
8504,0.00021896,80859.3
8505,0.00004768,80868.4
8506,0.00003652,80877.5
8507,0.00003380,80886.5
8508,0.00004077,80895.7
8509,0.00009367,80904.8
8510,0.00007764,80913.9
8511,0.00010159,80923.0
8512,0.00006411,80932.1
8513,0.00008070,80941.2
8514,0.00014817,80950.3
8515,0.00003811,80959.4
8516,0.00007824,80968.5
8517,0.00069585,80977.7
8518,0.00019335,80986.8
8519,0.00002872,80995.9
8520,0.00008342,81005.0
8521,0.00002557,81014.1
8522,0.00003229,81023.2
8523,0.00004386,81032.3
8524,0.00004095,81041.4
8525,0.00007520,81050.6
8526,0.00003719,81059.6
8527,0.00009209,81068.8
8528,0.00020633,81077.9
8529,0.00005136,81087.0
8530,0.00004259,81096.1
8531,0.00004060,81105.2
8532,0.00019302,81114.3
8533,0.00005399,81123.4
8534,0.00003720,81132.5
8535,0.00004547,81141.6
8536,0.00010349,81150.7
8537,0.00026043,81159.9
8538,0.00005670,81169.0
8539,0.00003046,81178.1
8540,0.00003618,81187.2
8541,0.00005016,81196.3
8542,0.00006498,81205.4
8543,0.00007625,81214.5
8544,0.00017887,81223.6
8545,0.00004421,81232.7
8546,0.00004047,81241.8
8547,0.00024272,81250.9
8548,0.00007354,81260.0
8549,0.00009266,81269.1
8550,0.00003975,81278.3
8551,0.00006856,81287.4
8552,0.00003913,81296.5
8553,0.00019182,81305.5
8554,0.00015902,81314.7
8555,0.00019069,81323.8
8556,0.00010007,81332.9
8557,0.00004580,81342.0
8558,0.00002819,81351.1
8559,0.00002787,81360.2
8560,0.00004907,81369.3
8561,0.00005276,81378.4
8562,0.00011237,81387.6
8563,0.00005970,81396.7
8564,0.00004332,81405.7
8565,0.00003731,81414.9
8566,0.00036392,81424.0
8567,0.00017359,81433.1
8568,0.00005463,81442.2
8569,0.00002857,81451.3
8570,0.00003295,81460.4
8571,0.00004500,81469.5
8572,0.00006413,81478.6
8573,0.00008589,81487.7
8574,0.00056921,81496.8
8575,0.00033035,81505.9
8576,0.00003794,81515.0
8577,0.00010038,81524.1
8578,0.00002708,81533.2
8579,0.00003256,81542.3
8580,0.00010809,81551.4
8581,0.00003722,81560.5
8582,0.00012745,81569.6
8583,0.00003637,81578.7
8584,0.00010930,81587.8
8585,0.00006717,81596.9
8586,0.00003545,81606.0
8587,0.00004718,81615.1
8588,0.00007679,81624.2
8589,0.00010082,81633.3
8590,0.00007203,81642.4
8591,0.00007117,81651.6
8592,0.00004517,81660.7
8593,0.00004542,81669.8
8594,0.00006992,81678.9
8595,0.00005782,81688.0
8596,0.00028537,81697.1
8597,0.00013532,81706.2
8598,0.00004488,81715.3
8599,0.00004317,81724.5
8600,0.00003365,81733.6
8601,0.00011865,81742.7
8602,0.00005301,81751.7
8603,0.00007098,81760.8
8604,0.00011803,81770.0
8605,0.00005756,81779.1
8606,0.00004017,81788.2
8607,0.00005501,81797.3
8608,0.00004658,81806.4
8609,0.00008068,81815.5
8610,0.00017853,81824.6
8611,0.00018217,81833.7
8612,0.00003251,81842.8
8613,0.00002849,81851.9
8614,0.00021693,81861.0
8615,0.00004972,81870.1
8616,0.00008210,81879.2
8617,0.00004341,81888.3
8618,0.00003137,81897.4
8619,0.00006308,81906.5
8620,0.00016061,81915.6
8621,0.00006071,81924.7
8622,0.00003755,81933.8
8623,0.00018029,81942.9
8624,0.00004469,81952.0
8625,0.00006017,81961.1
8626,0.00004166,81970.2
8627,0.00006520,81979.3
8628,0.00004348,81988.4
8629,0.00009045,81997.5
8630,0.00009489,82006.6
8631,0.00015979,82015.7
8632,0.00003613,82024.8
8633,0.00003800,82034.0
8634,0.00009976,82043.1
8635,0.00009930,82052.1
8636,0.00004737,82061.2
8637,0.00004978,82070.4
8638,0.00007991,82079.5
8639,0.00004298,82088.6
8640,0.00005424,82097.7
8641,0.00025716,82106.8
8642,0.00014875,82115.9
8643,0.00005287,82125.0
8644,0.00002957,82134.4
8645,0.00004837,82143.6
8646,0.00007196,82152.7
8647,0.00021359,82161.8
8648,0.00003197,82170.9
8649,0.00007021,82180.0
8650,0.00008466,82189.1
8651,0.00016581,82198.2
8652,0.00007188,82207.3
8653,0.00010515,82216.4
8654,0.00017744,82225.5
8655,0.00016679,82234.6
8656,0.00005928,82243.7
8657,0.00003205,82252.8
8658,0.00004346,82261.9
8659,0.00002939,82271.0
8660,0.00018697,82280.1
8661,0.00004406,82289.2
8662,0.00004943,82298.3
8663,0.00005596,82307.4
8664,0.00004649,82316.5
8665,0.00004481,82325.6
8666,0.00020560,82334.7
8667,0.00008514,82343.8
8668,0.00007890,82352.9
8669,0.00003060,82362.0
8670,0.00013424,82371.1
8671,0.00004173,82380.3
8672,0.00002969,82389.4
8673,0.00003237,82398.5
8674,0.00005296,82407.6
8675,0.00004162,82416.7
8676,0.00024290,82425.8
8677,0.00007116,82434.9
8678,0.00004815,82444.0
8679,0.00008946,82453.1
8680,0.00007858,82462.2
8681,0.00003443,82471.3
8682,0.00004966,82480.4
8683,0.00030109,82489.5
8684,0.00006512,82498.6
8685,0.00004277,82507.7
8686,0.00006012,82516.9
8687,0.00003940,82526.0
8688,0.00003657,82535.1
8689,0.00006433,82544.2
8690,0.00008045,82553.3
8691,0.00038995,82562.4
8692,0.00004715,82571.5
8693,0.00003505,82580.6
8694,0.00006551,82589.7
8695,0.00003241,82598.8
8696,0.00010891,82607.9
8697,0.00011829,82617.1
8698,0.00018933,82626.2
8699,0.00003172,82635.3
8700,0.00002610,82644.4
8701,0.00004179,82653.5
8702,0.00003456,82662.6
8703,0.00011294,82671.7
8704,0.00008077,82680.8
8705,0.00015813,82689.9
8706,0.00005605,82699.0
8707,0.00025085,82708.1
8708,0.00005385,82717.2
8709,0.00002768,82726.3
8710,0.00003461,82735.4
8711,0.00010471,82744.6
8712,0.00026359,82753.6
8713,0.00002915,82762.8
8714,0.00005414,82771.9
8715,0.00011553,82781.0
8716,0.00017068,82790.1
8717,0.00003745,82799.2
8718,0.00004259,82808.3
8719,0.00002941,82817.4
8720,0.00003416,82826.5
8721,0.00021636,82835.6
8722,0.00031719,82844.8
8723,0.00008996,82853.8
8724,0.00003101,82862.9
8725,0.00003093,82872.0
8726,0.00004783,82881.2
8727,0.00010812,82890.3
8728,0.00003188,82899.4
8729,0.00006642,82908.5
8730,0.00021073,82917.6
8731,0.00004645,82926.7
8732,0.00003249,82935.7
8733,0.00004818,82944.9
8734,0.00039430,82954.0
8735,0.00019974,82963.1
8736,0.00004206,82972.2
8737,0.00003830,82981.3
8738,0.00003776,82990.4
8739,0.00006832,82999.5
8740,0.00013844,83008.6
8741,0.00003341,83017.7
8742,0.00023757,83026.8
8743,0.00003678,83035.9
8744,0.00006643,83045.0
8745,0.00005217,83054.1
8746,0.00003721,83063.2
8747,0.00004644,83072.3
8748,0.00034014,83081.4
8749,0.00014774,83090.5
8750,0.00003202,83099.6
8751,0.00002906,83108.8
8752,0.00024966,83117.9
8753,0.00004504,83127.0
8754,0.00005314,83136.1
8755,0.00004640,83145.3
8756,0.00003936,83154.4
8757,0.00004300,83163.5
8758,0.00009298,83172.5
8759,0.00005155,83181.6
8760,0.00010255,83190.7
8761,0.00007741,83199.8
8762,0.00022115,83208.9
8763,0.00005494,83218.0
8764,0.00003497,83227.2
8765,0.00013812,83236.3
8766,0.00004547,83245.4
8767,0.00005915,83254.4
8768,0.00007505,83263.5
8769,0.00009132,83272.7
8770,0.00007335,83281.7
8771,0.00003262,83290.8
8772,0.00007071,83299.9
8773,0.00008819,83309.0
8774,0.00009850,83318.1
8775,0.00004184,83327.2
8776,0.00004493,83336.3
8777,0.00011738,83345.5
8778,0.00009701,83354.5
8779,0.00004454,83363.6
8780,0.00008910,83372.7
8781,0.00004801,83381.9
8782,0.00010349,83391.0
8783,0.00026031,83400.1
8784,0.00006296,83409.2
8785,0.00002523,83418.3
8786,0.00003000,83427.4
8787,0.00014540,83436.5
8788,0.00004979,83445.6
8789,0.00002479,83454.7
8790,0.00010328,83463.8
8791,0.00006461,83472.9
8792,0.00003111,83482.0
8793,0.00005147,83491.2
8794,0.00006818,83500.3
8795,0.00006993,83509.3
8796,0.00004709,83518.5
8797,0.00027603,83527.6
8798,0.00008229,83536.7
8799,0.00003277,83545.8
8800,0.00002713,83554.9
8801,0.00008480,83564.0
8802,0.00025654,83573.1
8803,0.00006539,83582.3
8804,0.00005925,83591.4
8805,0.00008102,83600.5
8806,0.00004608,83609.6
8807,0.00007808,83618.7
8808,0.00005923,83627.8
8809,0.00012756,83636.9
8810,0.00006264,83646.0
8811,0.00010782,83655.1
8812,0.00004984,83664.2
8813,0.00003525,83673.3
8814,0.00031299,83682.4
8815,0.00012255,83691.5
8816,0.00003227,83700.6
8817,0.00003271,83709.7
8818,0.00009440,83718.7
8819,0.00003494,83727.9
8820,0.00004204,83737.0
8821,0.00003368,83746.1
8822,0.00012939,83755.2
8823,0.00015077,83764.3
8824,0.00004636,83773.4
8825,0.00003343,83782.5
8826,0.00003024,83791.6
8827,0.00004023,83800.7
8828,0.00005970,83809.8
8829,0.00003449,83818.9
8830,0.00012795,83828.0
8831,0.00043278,83837.2
8832,0.00003344,83846.3
8833,0.00002562,83855.4
8834,0.00002778,83864.5
8835,0.00007551,83873.6
8836,0.00019297,83882.7
8837,0.00006360,83891.8
8838,0.00016482,83900.9
8839,0.00004251,83910.0
8840,0.00004986,83919.1
8841,0.00004128,83928.2
8842,0.00005787,83937.3
8843,0.00014263,83946.4
8844,0.00010058,83955.5
8845,0.00003243,83964.7
8846,0.00006124,83973.8
8847,0.00004387,83982.9
8848,0.00003753,83992.0
8849,0.00021282,84001.1
8850,0.00006702,84010.2
8851,0.00004388,84019.3
8852,0.00003384,84028.4
8853,0.00018183,84037.6
8854,0.00011644,84046.7
8855,0.00008905,84055.7
8856,0.00006736,84064.9
8857,0.00020784,84074.0
8858,0.00004368,84083.1
8859,0.00003385,84092.2
8860,0.00006145,84101.3
8861,0.00003717,84110.4
8862,0.00008331,84119.5
8863,0.00004995,84128.6
8864,0.00003576,84137.7
8865,0.00024400,84146.9
8866,0.00006911,84155.9
8867,0.00002918,84165.1
8868,0.00003252,84174.1
8869,0.00017838,84183.3
8870,0.00004474,84192.4
8871,0.00010889,84201.4
8872,0.00002837,84210.6
8873,0.00004978,84219.7
8874,0.00029193,84228.8
8875,0.00008324,84237.9
8876,0.00008583,84247.0
8877,0.00030485,84256.1
8878,0.00003358,84265.2
8879,0.00002639,84274.3
8880,0.00002563,84283.4
8881,0.00003823,84292.5
8882,0.00003608,84301.7
8883,0.00008078,84310.8
8884,0.00005212,84319.9
8885,0.00003258,84329.0
8886,0.00005064,84338.1
8887,0.00006331,84347.2
8888,0.00044118,84356.3
8889,0.00024423,84365.4
8890,0.00003806,84374.6
8891,0.00003017,84383.7
8892,0.00005560,84392.8
8893,0.00003585,84401.8
8894,0.00012815,84411.0
8895,0.00003979,84420.1
8896,0.00003020,84429.2
8897,0.00023578,84438.3
8898,0.00004480,84447.4
8899,0.00002855,84456.5
8900,0.00010631,84465.6
8901,0.00005713,84474.7
8902,0.00015558,84483.9
8903,0.00006760,84493.0
8904,0.00016549,84502.0
8905,0.00003551,84511.2
8906,0.00002934,84520.3
8907,0.00003133,84529.4
8908,0.00002963,84538.5
8909,0.00015314,84547.6
8910,0.00019824,84556.7
8911,0.00005470,84565.8
8912,0.00005866,84574.9
8913,0.00007389,84584.0
8914,0.00007661,84593.1
8915,0.00005647,84602.3
8916,0.00005645,84611.4
8917,0.00007337,84620.5
8918,0.00017494,84629.6
8919,0.00005023,84638.7
8920,0.00003647,84647.8
8921,0.00006592,84656.9
8922,0.00007555,84666.0
8923,0.00004774,84675.1
8924,0.00012519,84684.3
8925,0.00004336,84693.4
8926,0.00004536,84702.5
8927,0.00004697,84711.6
8928,0.00009362,84720.7
8929,0.00013088,84729.8
8930,0.00002848,84738.9
8931,0.00003926,84748.0
8932,0.00003623,84757.1
8933,0.00025891,84766.2
8934,0.00003269,84775.3
8935,0.00015806,84784.4
8936,0.00003566,84793.6
8937,0.00004499,84802.7
8938,0.00003216,84811.8
8939,0.00006865,84820.9
8940,0.00006675,84830.0
8941,0.00004187,84839.1
8942,0.00050887,84848.2
8943,0.00005225,84857.3
8944,0.00003756,84866.4
8945,0.00005353,84875.6
8946,0.00002752,84884.7
8947,0.00003854,84893.8
8948,0.00006367,84902.8
8949,0.00005136,84912.0
8950,0.00004090,84921.1
8951,0.00012136,84930.2
8952,0.00009879,84939.3
8953,0.00015852,84948.4
8954,0.00003586,84957.5
8955,0.00003573,84966.6
8956,0.00007221,84975.7
8957,0.00004136,84984.8
8958,0.00003394,84994.0
8959,0.00004141,85003.1
8960,0.00015084,85012.2
8961,0.00013404,85021.3
8962,0.00008585,85030.4
8963,0.00002518,85039.5
8964,0.00005891,85048.6
8965,0.00046443,85057.7
8966,0.00003550,85066.8
8967,0.00003858,85075.9
8968,0.00003145,85085.0
8969,0.00002908,85094.1
8970,0.00003260,85103.2
8971,0.00007490,85112.3
8972,0.00017647,85121.4
8973,0.00004086,85130.5
8974,0.00002513,85139.6
8975,0.00003868,85148.7
8976,0.00021634,85157.8
8977,0.00003452,85166.9
8978,0.00004701,85176.0
8979,0.00005583,85185.1
8980,0.00030977,85194.3
8981,0.00007601,85203.3
8982,0.00003860,85212.5
8983,0.00004079,85221.6
8984,0.00013151,85230.7
8985,0.00016577,85239.8
8986,0.00002686,85248.9
8987,0.00002680,85258.1
8988,0.00013167,85267.2
8989,0.00014920,85276.3
8990,0.00002876,85285.4
8991,0.00004616,85294.5
8992,0.00008113,85303.6
8993,0.00014134,85312.7
8994,0.00003664,85321.8
8995,0.00002602,85331.0
8996,0.00002670,85340.1
8997,0.00005150,85349.2
8998,0.00004284,85358.3
8999,0.00019733,85367.4
9000,0.00017267,85376.5
9001,0.00003986,85385.7
9002,0.00002805,85394.8
9003,0.00003867,85403.9
9004,0.00014609,85413.0
9005,0.00004553,85422.1
9006,0.00004150,85431.2
9007,0.00003683,85440.3
9008,0.00005783,85449.4
9009,0.00020303,85458.6
9010,0.00005567,85467.7
9011,0.00002646,85476.8
9012,0.00003190,85485.9
9013,0.00017143,85495.0
9014,0.00021348,85504.1
9015,0.00002560,85513.2
9016,0.00003079,85522.3
9017,0.00006144,85531.4
9018,0.00011974,85540.5
9019,0.00013215,85549.6
9020,0.00004001,85558.7
9021,0.00002531,85567.8
9022,0.00003123,85576.9
9023,0.00018407,85586.0
9024,0.00004128,85595.1
9025,0.00004161,85604.2
9026,0.00028798,85613.3
9027,0.00009239,85622.4
9028,0.00005169,85631.5
9029,0.00003319,85640.7
9030,0.00002469,85649.8
9031,0.00003160,85658.9
9032,0.00005014,85668.0
9033,0.00031929,85677.1
9034,0.00033407,85686.2
9035,0.00002962,85695.3
9036,0.00003036,85704.4
9037,0.00002389,85713.5
9038,0.00003984,85722.7
9039,0.00003371,85731.8
9040,0.00005507,85740.8
9041,0.00017902,85749.9
9042,0.00008870,85759.0
9043,0.00007595,85768.1
9044,0.00004396,85777.2
9045,0.00005929,85786.3
9046,0.00010076,85795.5
9047,0.00005761,85804.6
9048,0.00007075,85813.6
9049,0.00020608,85822.7
9050,0.00007525,85831.9
9051,0.00002786,85841.0
9052,0.00004048,85850.0
9053,0.00003588,85859.1
9054,0.00011110,85868.3
9055,0.00004651,85877.3
9056,0.00011844,85886.5
9057,0.00008867,85895.6
9058,0.00002626,85904.7
9059,0.00003003,85913.8
9060,0.00003748,85922.9
9061,0.00006334,85932.0
9062,0.00005767,85941.1
9063,0.00011227,85950.2
9064,0.00004440,85959.3
9065,0.00004063,85968.4
9066,0.00009557,85977.4
9067,0.00006743,85986.6
9068,0.00006553,85995.6
9069,0.00004186,86004.7
9070,0.00016456,86013.8
9071,0.00005591,86022.9
9072,0.00018353,86032.1
9073,0.00014964,86041.1
9074,0.00004362,86050.2
9075,0.00002665,86059.3
9076,0.00002529,86068.5
9077,0.00006353,86077.6
9078,0.00004113,86086.7
9079,0.00010738,86095.8
9080,0.00012012,86104.9
9081,0.00003546,86114.0
9082,0.00010797,86123.0
9083,0.00002919,86132.1
9084,0.00003570,86141.2
9085,0.00005293,86150.3
9086,0.00051463,86159.4
9087,0.00007585,86168.5
9088,0.00003036,86177.6
9089,0.00003705,86186.7
9090,0.00006208,86195.8
9091,0.00007056,86204.9
9092,0.00014056,86214.0
9093,0.00003730,86223.1
9094,0.00003276,86232.2
9095,0.00014244,86241.3
9096,0.00004983,86250.4
9097,0.00002557,86259.5
9098,0.00012036,86268.6
9099,0.00028564,86277.7
9100,0.00014039,86286.8
9101,0.00002606,86295.9
9102,0.00003134,86305.0
9103,0.00003014,86314.1
9104,0.00029788,86323.2
9105,0.00008787,86332.3
9106,0.00003864,86341.4
9107,0.00002481,86350.5
9108,0.00002968,86359.6
9109,0.00007152,86368.7
9110,0.00018694,86377.8
9111,0.00002960,86386.9
9112,0.00002555,86396.0
9113,0.00003389,86405.1
9114,0.00014130,86414.2
9115,0.00017534,86423.3
9116,0.00003849,86432.4
9117,0.00002694,86441.5
9118,0.00002841,86450.6
9119,0.00023362,86459.7
9120,0.00023702,86468.8
9121,0.00003221,86477.9
9122,0.00002629,86487.0
9123,0.00005267,86496.1
9124,0.00010677,86505.2
9125,0.00008034,86514.3
9126,0.00003440,86523.3
9127,0.00005992,86532.4
9128,0.00003285,86541.5
9129,0.00026465,86550.6
9130,0.00014885,86559.7
9131,0.00003096,86568.8
9132,0.00002527,86577.9
9133,0.00015338,86587.0
9134,0.00044114,86596.1
9135,0.00005493,86605.2
9136,0.00002520,86614.3
9137,0.00003202,86623.4
9138,0.00003909,86632.5
9139,0.00007991,86641.7
9140,0.00012861,86650.7
9141,0.00003838,86659.8
9142,0.00003610,86668.9
9143,0.00009408,86678.0
9144,0.00005158,86687.1
9145,0.00005356,86696.2
9146,0.00013404,86705.3
9147,0.00010440,86714.5
9148,0.00007027,86723.5
9149,0.00011789,86732.6
9150,0.00005278,86741.7
9151,0.00002612,86750.8
9152,0.00012553,86759.9
9153,0.00041529,86769.0
9154,0.00039057,86778.1
9155,0.00005656,86787.2
9156,0.00004640,86796.3
9157,0.00002925,86805.4
9158,0.00003943,86814.5
9159,0.00018588,86823.6
9160,0.00003598,86832.7
9161,0.00006241,86841.9
9162,0.00002790,86851.0
9163,0.00024458,86860.1
9164,0.00003538,86869.2
9165,0.00005875,86878.3
9166,0.00026617,86887.4
9167,0.00004735,86896.4
9168,0.00003105,86905.5
9169,0.00008150,86914.7
9170,0.00007444,86923.7
9171,0.00012462,86932.8
9172,0.00005226,86941.9
9173,0.00004767,86951.1
9174,0.00005963,86960.1
9175,0.00003323,86969.2
9176,0.00010181,86978.3
9177,0.00013785,86987.4
9178,0.00003526,86996.5
9179,0.00009444,87005.6
9180,0.00003835,87014.7
9181,0.00012269,87023.8
9182,0.00004342,87032.9
9183,0.00003265,87042.0
9184,0.00002773,87051.1
9185,0.00009436,87060.2
9186,0.00012412,87069.4
9187,0.00009830,87078.4
9188,0.00007640,87087.5
9189,0.00003157,87096.6
9190,0.00004259,87105.8
9191,0.00014396,87114.8
9192,0.00023130,87123.9
9193,0.00002981,87133.0
9194,0.00004674,87142.1
9195,0.00012208,87151.2
9196,0.00007557,87160.3
9197,0.00003958,87169.4
9198,0.00003913,87178.5
9199,0.00003078,87187.6
9200,0.00009957,87196.7
9201,0.00043974,87205.8
9202,0.00004039,87214.9
9203,0.00002987,87224.0
9204,0.00005156,87233.1
9205,0.00002996,87242.2
9206,0.00005811,87251.3
9207,0.00004478,87260.4
9208,0.00003317,87269.5
9209,0.00010121,87278.6
9210,0.00002822,87287.7
9211,0.00002649,87296.8
9212,0.00005334,87305.9
9213,0.00014591,87315.0
9214,0.00003590,87324.1
9215,0.00008982,87333.2
9216,0.00002960,87342.3
9217,0.00003228,87351.3
9218,0.00003337,87360.5
9219,0.00026784,87369.6
9220,0.00006688,87378.7
9221,0.00003316,87387.8
9222,0.00005297,87396.9
9223,0.00006457,87406.0
9224,0.00011483,87415.1
9225,0.00005143,87424.2
9226,0.00002681,87433.3
9227,0.00006223,87442.4
9228,0.00005036,87451.5
9229,0.00021533,87460.6
9230,0.00020208,87469.7
9231,0.00004931,87478.8
9232,0.00009595,87487.9
9233,0.00017401,87497.0
9234,0.00003835,87506.1
9235,0.00004775,87515.2
9236,0.00003309,87524.3
9237,0.00002392,87533.4
9238,0.00002390,87542.5
9239,0.00009427,87551.6
9240,0.00002774,87560.7
9241,0.00008476,87569.8
9242,0.00008847,87578.9
9243,0.00007555,87588.0
9244,0.00003154,87597.1
9245,0.00006187,87606.2
9246,0.00049802,87615.2
9247,0.00004923,87624.3
9248,0.00002655,87633.5
9249,0.00002246,87642.6
9250,0.00002453,87651.7
9251,0.00008278,87660.9
9252,0.00020398,87670.0
9253,0.00005108,87679.1
9254,0.00002612,87688.2
9255,0.00012998,87697.3
9256,0.00003104,87706.4
9257,0.00003969,87715.5
9258,0.00003221,87724.6
9259,0.00004974,87733.7
9260,0.00015374,87742.8
9261,0.00007642,87751.9
9262,0.00005780,87761.0
9263,0.00005547,87770.1
9264,0.00017694,87779.2
9265,0.00003035,87788.3
9266,0.00002996,87797.4
9267,0.00004811,87806.5
9268,0.00014243,87815.6
9269,0.00003918,87824.7
9270,0.00005081,87833.8
9271,0.00007225,87842.9
9272,0.00010927,87852.0
9273,0.00008089,87861.1
9274,0.00004643,87870.2
9275,0.00004378,87879.3
9276,0.00004174,87888.4
9277,0.00024705,87897.5
9278,0.00004617,87906.6
9279,0.00002995,87915.7
9280,0.00003622,87924.7
9281,0.00010164,87933.8
9282,0.00006639,87942.9
9283,0.00003517,87952.0
9284,0.00004740,87961.1
9285,0.00013354,87970.2
9286,0.00013374,87979.3
9287,0.00011535,87988.4
9288,0.00002416,87997.5
9289,0.00003201,88006.6
9290,0.00002644,88015.7
9291,0.00002456,88024.8
9292,0.00009551,88033.9
9293,0.00012487,88043.0
9294,0.00028183,88052.1
9295,0.00002656,88061.2
9296,0.00003116,88070.2
9297,0.00004104,88079.3
9298,0.00003066,88088.4
9299,0.00012539,88097.5
9300,0.00011247,88106.6
9301,0.00003488,88115.8
9302,0.00005018,88124.8
9303,0.00018363,88133.9
9304,0.00006047,88143.0
9305,0.00004351,88152.1
9306,0.00004283,88161.2
9307,0.00006145,88170.3
9308,0.00002743,88179.4
9309,0.00003463,88188.5
9310,0.00039075,88197.6
9311,0.00003840,88206.7
9312,0.00002832,88215.8
9313,0.00004134,88224.9
9314,0.00004628,88234.0
9315,0.00015780,88243.1
9316,0.00002701,88252.2
9317,0.00009411,88261.3
9318,0.00006031,88270.4
9319,0.00007879,88279.5
9320,0.00003460,88288.6
9321,0.00002898,88297.7
9322,0.00040799,88306.8
9323,0.00004338,88315.9
9324,0.00003837,88325.0
9325,0.00005977,88334.1
9326,0.00012357,88343.2
9327,0.00002497,88352.3
9328,0.00010673,88361.4
9329,0.00003624,88370.5
9330,0.00003819,88379.6
9331,0.00002652,88388.8
9332,0.00015492,88397.9
9333,0.00004617,88406.9
9334,0.00003036,88416.0
9335,0.00004584,88425.2
9336,0.00005520,88434.3
9337,0.00005166,88443.4
9338,0.00027896,88452.4
9339,0.00002644,88461.5
9340,0.00002761,88470.6
9341,0.00009123,88479.7
9342,0.00004420,88488.8
9343,0.00002642,88497.9
9344,0.00003260,88507.0
9345,0.00004783,88516.1
9346,0.00013439,88525.2
9347,0.00005482,88534.3
9348,0.00054814,88543.5
9349,0.00002998,88552.5
9350,0.00002383,88561.6
9351,0.00002734,88570.7
9352,0.00004583,88579.9
9353,0.00004747,88589.0
9354,0.00007651,88598.1
9355,0.00009486,88607.2
9356,0.00010062,88616.3
9357,0.00007076,88625.4
9358,0.00008872,88634.5
9359,0.00003536,88643.6
9360,0.00002824,88652.7
9361,0.00011339,88661.8
9362,0.00010770,88670.9
9363,0.00010200,88680.0
9364,0.00002631,88689.1
9365,0.00002990,88698.2
9366,0.00003494,88707.3
9367,0.00009846,88716.4
9368,0.00005087,88725.5
9369,0.00004262,88734.6
9370,0.00005993,88743.7
9371,0.00012423,88752.8
9372,0.00004096,88761.9
9373,0.00017827,88771.0
9374,0.00009898,88780.1
9375,0.00003031,88789.2
9376,0.00007731,88798.3
9377,0.00009341,88807.4
9378,0.00007749,88816.5
9379,0.00003480,88825.6
9380,0.00004569,88834.7
9381,0.00004205,88843.8
9382,0.00013191,88852.9
9383,0.00013821,88861.9
9384,0.00003287,88871.0
9385,0.00012913,88880.1
9386,0.00003379,88889.2
9387,0.00003374,88898.3
9388,0.00003135,88907.4
9389,0.00006521,88916.5
9390,0.00018564,88925.6
9391,0.00003320,88934.7
9392,0.00009620,88943.8
9393,0.00007073,88952.8
9394,0.00006502,88962.0
9395,0.00003492,88971.1
9396,0.00004067,88980.1
9397,0.00013681,88989.2
9398,0.00018295,88998.4
9399,0.00007963,89007.5
9400,0.00004362,89016.5
9401,0.00002816,89025.6
9402,0.00003058,89034.7
9403,0.00019544,89043.8
9404,0.00004442,89052.9
9405,0.00002875,89062.0
9406,0.00002177,89071.1
9407,0.00002951,89080.2
9408,0.00018244,89089.3
9409,0.00017288,89098.4
9410,0.00004231,89107.5
9411,0.00002442,89116.6
9412,0.00003085,89125.7
9413,0.00008244,89134.8
9414,0.00006653,89143.9
9415,0.00005904,89153.0
9416,0.00007997,89162.1
9417,0.00003770,89171.2
9418,0.00004150,89180.3
9419,0.00010207,89189.4
9420,0.00007792,89198.5
9421,0.00004855,89207.6
9422,0.00007673,89216.7
9423,0.00010682,89225.8
9424,0.00004599,89234.9
9425,0.00017312,89244.0
9426,0.00012867,89253.1
9427,0.00013132,89262.2
9428,0.00002447,89271.3
9429,0.00002595,89280.4
9430,0.00002269,89289.5
9431,0.00014198,89298.6
9432,0.00004579,89307.7
9433,0.00022110,89317.0
9434,0.00005989,89326.1
9435,0.00002620,89335.3
9436,0.00005025,89344.5
9437,0.00004715,89353.6
9438,0.00004302,89362.6
9439,0.00004128,89371.7
9440,0.00004429,89380.9
9441,0.00005888,89390.0
9442,0.00010307,89399.1
9443,0.00018989,89408.2
9444,0.00003793,89417.3
9445,0.00020347,89426.4
9446,0.00005696,89435.5
9447,0.00002799,89444.6
9448,0.00002778,89453.7
9449,0.00006478,89462.8
9450,0.00011050,89471.9
9451,0.00002668,89481.0
9452,0.00004457,89490.1
9453,0.00011573,89499.2
9454,0.00009224,89508.3
9455,0.00015607,89517.4
9456,0.00004592,89526.5
9457,0.00002924,89535.7
9458,0.00008349,89544.8
9459,0.00003121,89553.9
9460,0.00004009,89562.9
9461,0.00003211,89572.1
9462,0.00003016,89581.2
9463,0.00031717,89590.3
9464,0.00006806,89599.4
9465,0.00003992,89608.5
9466,0.00003322,89617.6
9467,0.00002573,89626.7
9468,0.00007493,89635.8
9469,0.00009537,89644.9
9470,0.00003465,89654.0
9471,0.00011083,89663.1
9472,0.00015142,89672.2
9473,0.00003759,89681.3
9474,0.00004088,89690.4
9475,0.00002834,89699.5
9476,0.00012359,89708.6
9477,0.00003808,89717.7
9478,0.00002422,89726.8
9479,0.00011565,89735.9
9480,0.00040885,89745.0
9481,0.00004410,89754.1
9482,0.00002869,89763.3
9483,0.00005712,89772.3
9484,0.00002881,89781.4
9485,0.00003706,89790.5
9486,0.00014397,89799.7
9487,0.00021795,89808.8
9488,0.00003664,89817.9
9489,0.00002940,89827.0
9490,0.00002577,89836.1
9491,0.00002382,89845.2
9492,0.00003644,89854.3
9493,0.00027423,89863.4
9494,0.00007594,89872.5
9495,0.00006010,89881.6
9496,0.00002435,89890.7
9497,0.00011495,89899.8
9498,0.00003887,89908.9
9499,0.00002194,89918.0
9500,0.00004920,89927.1
9501,0.00007816,89936.3
9502,0.00009418,89945.4
9503,0.00002587,89954.5
9504,0.00003540,89963.6
9505,0.00016290,89972.7
9506,0.00003282,89981.8
9507,0.00002690,89990.9
9508,0.00031055,90000.0
9509,0.00003111,90009.1
9510,0.00002569,90018.2
9511,0.00002544,90027.3
9512,0.00005958,90036.4
9513,0.00015076,90045.5
9514,0.00010043,90054.6
9515,0.00003606,90063.7
9516,0.00003674,90072.8
9517,0.00003557,90081.9
9518,0.00003752,90090.9
9519,0.00014024,90100.1
9520,0.00009222,90109.2
9521,0.00004603,90118.2
9522,0.00012572,90127.3
9523,0.00003283,90136.4
9524,0.00002492,90145.5
9525,0.00004105,90154.6
9526,0.00013930,90163.7
9527,0.00004326,90172.8
9528,0.00014767,90181.9
9529,0.00015756,90191.0
9530,0.00003515,90200.1
9531,0.00002209,90209.2
9532,0.00018059,90218.3
9533,0.00006330,90227.4
9534,0.00004621,90236.5
9535,0.00020296,90245.6
9536,0.00012603,90254.7
9537,0.00002740,90263.8
9538,0.00002253,90272.9
9539,0.00002350,90282.0
9540,0.00003663,90291.1
9541,0.00009837,90300.2
9542,0.00003694,90309.3
9543,0.00017224,90318.4
9544,0.00018302,90327.5
9545,0.00002813,90336.6
9546,0.00003148,90345.7
9547,0.00002294,90354.8
9548,0.00004287,90363.9
9549,0.00034465,90373.0
9550,0.00004257,90382.1
9551,0.00007716,90391.1
9552,0.00011217,90400.2
9553,0.00005038,90409.3
9554,0.00003071,90418.4
9555,0.00002325,90427.5
9556,0.00003702,90436.6
9557,0.00009796,90445.7
9558,0.00036466,90454.8
9559,0.00005306,90463.9
9560,0.00002252,90473.0
9561,0.00002283,90482.1
9562,0.00002734,90491.2
9563,0.00007207,90500.3
9564,0.00007002,90509.4
9565,0.00012678,90518.5
9566,0.00002809,90527.6
9567,0.00020945,90536.7
9568,0.00016297,90545.8
9569,0.00003776,90554.9
9570,0.00006359,90564.0
9571,0.00002442,90573.1
9572,0.00003438,90582.2
9573,0.00009519,90591.3
9574,0.00003742,90600.4
9575,0.00003521,90609.5
9576,0.00003457,90618.6
9577,0.00041044,90627.7
9578,0.00003921,90636.8
9579,0.00002485,90645.9
9580,0.00002450,90654.9
9581,0.00002657,90664.0
9582,0.00003912,90673.2
9583,0.00008909,90682.2
9584,0.00019279,90691.3
9585,0.00003496,90700.4
9586,0.00006504,90709.6
9587,0.00009552,90718.7
9588,0.00012443,90727.7
9589,0.00005276,90736.8
9590,0.00013693,90745.9
9591,0.00002280,90755.0
9592,0.00002604,90764.1
9593,0.00003502,90773.2
9594,0.00003928,90782.3
9595,0.00007971,90791.4
9596,0.00009456,90800.5
9597,0.00013542,90809.5
9598,0.00008260,90818.6
9599,0.00002789,90827.7
9600,0.00002914,90836.8
9601,0.00002637,90845.9
9602,0.00003129,90855.0
9603,0.00004268,90864.1
9604,0.00007466,90873.2
9605,0.00028016,90882.3
9606,0.00002650,90891.4
9607,0.00002261,90900.5
9608,0.00003631,90909.6
9609,0.00012966,90918.7
9610,0.00013457,90927.8
9611,0.00002862,90936.9
9612,0.00003285,90946.0
9613,0.00014599,90955.1
9614,0.00002342,90964.1
9615,0.00002403,90973.3
9616,0.00003120,90982.3
9617,0.00066073,90991.4
9618,0.00003617,91000.5
9619,0.00003010,91009.6
9620,0.00002875,91018.8
9621,0.00002427,91027.8
9622,0.00002399,91036.9
9623,0.00012760,91046.0
9624,0.00017563,91055.1
9625,0.00003263,91064.2
9626,0.00002849,91073.3
9627,0.00003205,91082.4
9628,0.00003052,91091.5
9629,0.00005235,91100.6
9630,0.00005746,91109.7
9631,0.00039511,91118.8
9632,0.00002905,91127.9
9633,0.00002162,91137.0
9634,0.00005372,91146.1
9635,0.00005153,91155.2
9636,0.00003383,91164.3
9637,0.00003635,91173.4
9638,0.00018985,91182.5
9639,0.00017930,91191.5
9640,0.00002509,91200.6
9641,0.00003116,91209.8
9642,0.00004486,91218.8
9643,0.00007650,91227.9
9644,0.00008708,91237.0
9645,0.00004873,91246.2
9646,0.00004976,91255.2
9647,0.00015093,91264.3
9648,0.00003158,91273.4
9649,0.00002351,91282.5
9650,0.00003653,91291.6
9651,0.00005094,91300.7
9652,0.00007567,91309.8
9653,0.00003865,91318.9
9654,0.00015137,91328.0
9655,0.00003553,91337.1
9656,0.00003506,91346.2
9657,0.00010748,91355.3
9658,0.00012521,91364.4
9659,0.00002592,91373.5
9660,0.00003331,91382.6
9661,0.00013669,91391.7
9662,0.00005228,91400.8
9663,0.00003425,91409.9
9664,0.00007295,91418.9
9665,0.00011887,91428.0
9666,0.00004613,91437.1
9667,0.00003658,91446.3
9668,0.00006516,91455.4
9669,0.00011887,91464.4
9670,0.00027419,91473.5
9671,0.00002837,91482.6
9672,0.00003100,91491.7
9673,0.00003477,91500.8
9674,0.00004503,91509.9
9675,0.00015150,91519.0
9676,0.00002269,91528.1
9677,0.00003339,91537.1
9678,0.00004169,91546.3
9679,0.00005662,91555.4
9680,0.00005598,91564.6
9681,0.00004575,91573.7
9682,0.00005813,91582.8
9683,0.00012942,91591.9
9684,0.00004120,91601.0
9685,0.00003863,91610.1
9686,0.00003421,91619.1
9687,0.00024083,91628.2
9688,0.00005977,91637.4
9689,0.00003459,91646.4
9690,0.00009410,91655.5
9691,0.00003969,91664.6
9692,0.00003886,91673.7
9693,0.00009780,91682.8
9694,0.00020211,91691.9
9695,0.00013779,91701.0
9696,0.00002338,91710.1
9697,0.00001974,91719.2
9698,0.00002576,91728.3
9699,0.00002409,91737.4
9700,0.00006710,91746.5
9701,0.00016196,91755.6
9702,0.00005313,91764.6
9703,0.00008317,91773.7
9704,0.00014630,91782.9
9705,0.00012110,91792.0
9706,0.00003931,91801.0
9707,0.00002468,91810.1
9708,0.00002839,91819.2
9709,0.00003464,91828.3
9710,0.00003408,91837.4
9711,0.00025072,91846.5
9712,0.00003434,91855.6
9713,0.00003099,91864.7
9714,0.00002858,91873.8
9715,0.00003681,91882.8
9716,0.00017249,91892.0
9717,0.00016425,91901.1
9718,0.00004710,91910.1
9719,0.00002708,91919.2
9720,0.00005169,91928.3
9721,0.00003535,91937.4
9722,0.00005547,91946.5
9723,0.00016997,91955.6
9724,0.00002566,91964.7
9725,0.00005891,91973.8
9726,0.00004579,91982.9
9727,0.00002859,91992.0
9728,0.00007240,92001.0
9729,0.00023311,92010.2
9730,0.00003846,92019.3
9731,0.00005828,92028.3
9732,0.00004553,92037.4
9733,0.00005191,92046.5
9734,0.00002548,92055.6
9735,0.00002988,92064.7
9736,0.00009651,92073.7
9737,0.00015238,92082.9
9738,0.00002368,92091.9
9739,0.00003048,92101.0
9740,0.00010759,92110.1
9741,0.00006231,92119.2
9742,0.00008536,92128.3
9743,0.00004673,92137.4
9744,0.00003649,92146.5
9745,0.00012025,92155.6
9746,0.00002415,92164.7
9747,0.00005062,92173.8
9748,0.00002232,92182.9
9749,0.00003611,92191.9
9750,0.00011078,92201.0
9751,0.00009757,92210.2
9752,0.00006332,92219.3
9753,0.00004398,92228.4
9754,0.00017310,92237.5
9755,0.00002241,92246.6
9756,0.00002374,92255.7
9757,0.00003384,92264.7
9758,0.00012300,92273.9
9759,0.00005024,92282.9
9760,0.00006066,92292.0
9761,0.00003642,92301.1
9762,0.00002763,92310.3
9763,0.00012521,92319.3
9764,0.00004345,92328.4
9765,0.00005400,92337.5
9766,0.00004897,92346.6
9767,0.00003050,92355.7
9768,0.00008134,92364.7
9769,0.00004530,92373.8
9770,0.00007350,92382.9
9771,0.00022213,92392.0
9772,0.00008538,92401.1
9773,0.00002850,92410.2
9774,0.00004153,92419.3
9775,0.00002459,92428.4
9776,0.00004060,92437.5
9777,0.00004222,92446.6
9778,0.00004496,92455.7
9779,0.00003629,92464.8
9780,0.00035878,92473.9
9781,0.00014470,92483.0
9782,0.00003782,92492.1
9783,0.00002459,92501.2
9784,0.00003358,92510.3
9785,0.00003069,92519.4
9786,0.00017568,92528.4
9787,0.00008344,92537.6
9788,0.00002865,92546.6
9789,0.00002281,92555.7
9790,0.00006648,92564.8
9791,0.00011101,92573.9
9792,0.00007178,92583.0
9793,0.00002688,92592.1
9794,0.00005050,92601.2
9795,0.00004467,92610.3
9796,0.00002256,92619.4
9797,0.00003473,92628.5
9798,0.00026984,92637.6
9799,0.00005617,92646.7
9800,0.00003037,92655.8
9801,0.00003285,92664.9
9802,0.00006014,92674.0
9803,0.00007777,92683.1
9804,0.00003894,92692.2
9805,0.00008222,92701.3
9806,0.00004044,92710.4
9807,0.00004325,92719.5
9808,0.00002573,92728.5
9809,0.00010267,92737.6
9810,0.00003973,92746.7
9811,0.00007078,92755.8
9812,0.00006952,92765.0
9813,0.00004694,92774.1
9814,0.00032226,92783.1
9815,0.00003662,92792.2
9816,0.00004885,92801.3
9817,0.00003480,92810.4
9818,0.00003123,92819.5
9819,0.00003802,92828.6
9820,0.00006174,92837.7
9821,0.00011691,92846.8
9822,0.00003525,92855.9
9823,0.00003780,92865.0
9824,0.00010084,92874.1
9825,0.00006631,92883.2
9826,0.00017404,92892.3
9827,0.00018603,92901.4
9828,0.00002670,92910.5
9829,0.00003931,92919.6
9830,0.00005905,92928.7
9831,0.00003854,92937.8
9832,0.00003371,92946.9
9833,0.00004303,92956.0
9834,0.00011260,92965.1
9835,0.00010794,92974.2
9836,0.00002970,92983.3
9837,0.00009567,92992.4
9838,0.00002926,93001.5
9839,0.00003440,93010.6
9840,0.00006579,93019.7
9841,0.00012105,93028.8
9842,0.00003009,93037.9
9843,0.00002972,93047.0
9844,0.00005814,93056.0
9845,0.00019509,93065.2
9846,0.00004230,93074.3
9847,0.00003105,93083.4
9848,0.00003041,93092.4
9849,0.00003936,93101.6
9850,0.00003698,93110.6
9851,0.00032110,93119.7
9852,0.00007050,93128.8
9853,0.00002415,93137.9
9854,0.00009129,93147.0
9855,0.00005607,93156.1
9856,0.00006552,93165.2
9857,0.00003140,93174.3
9858,0.00002535,93183.4
9859,0.00003324,93192.5
9860,0.00033600,93201.6
9861,0.00007525,93210.7
9862,0.00002754,93219.8
9863,0.00003155,93228.9
9864,0.00002894,93238.0
9865,0.00003094,93247.1
9866,0.00008468,93256.2
9867,0.00003909,93265.3
9868,0.00007833,93274.4
9869,0.00014265,93283.5
9870,0.00003543,93292.6
9871,0.00004269,93301.7
9872,0.00002404,93310.8
9873,0.00002600,93319.9
9874,0.00012289,93329.0
9875,0.00009932,93338.1
9876,0.00006650,93347.2
9877,0.00003404,93356.3
9878,0.00003723,93365.4
9879,0.00017908,93374.5
9880,0.00008942,93383.6
9881,0.00002818,93392.7
9882,0.00002576,93401.8
9883,0.00006242,93410.9
9884,0.00011884,93420.0
9885,0.00006663,93429.0
9886,0.00008063,93438.2
9887,0.00004834,93447.3
9888,0.00003068,93456.3
9889,0.00014341,93465.4
9890,0.00002221,93474.5
9891,0.00002284,93483.6
9892,0.00002353,93492.7
9893,0.00017361,93501.8
9894,0.00005652,93511.0
9895,0.00002930,93520.1
9896,0.00003151,93529.2
9897,0.00006783,93538.3
9898,0.00003407,93547.3
9899,0.00003814,93556.5
9900,0.00023100,93565.6
9901,0.00015174,93574.6
9902,0.00002300,93583.7
9903,0.00002347,93592.8
9904,0.00005170,93601.9
9905,0.00011425,93611.0
9906,0.00005403,93620.1
9907,0.00003000,93629.2
9908,0.00005481,93638.3
9909,0.00007715,93647.4
9910,0.00006900,93656.5
9911,0.00021508,93665.6
9912,0.00006298,93674.7
9913,0.00002357,93683.8
9914,0.00002651,93692.9
9915,0.00002744,93702.0
9916,0.00006628,93711.1
9917,0.00014285,93720.2
9918,0.00006948,93729.3
9919,0.00002550,93738.4
9920,0.00002893,93747.5
9921,0.00002758,93756.6
9922,0.00011734,93765.7
9923,0.00016424,93774.8
9924,0.00008784,93783.9
9925,0.00002366,93793.0
9926,0.00002910,93802.1
9927,0.00012731,93811.2
9928,0.00005708,93820.3
9929,0.00003670,93829.4
9930,0.00002950,93838.5
9931,0.00004429,93847.6
9932,0.00004125,93856.7
9933,0.00003803,93865.8
9934,0.00005513,93874.9
9935,0.00004239,93884.0
9936,0.00034024,93893.1
9937,0.00002922,93902.2
9938,0.00002810,93911.3
9939,0.00003236,93920.4
9940,0.00003679,93929.5
9941,0.00005429,93938.6
9942,0.00005423,93947.7
9943,0.00029172,93956.8
9944,0.00017887,93965.9
9945,0.00002162,93975.0
9946,0.00002233,93984.1
9947,0.00002285,93993.2
9948,0.00021304,94002.3
9949,0.00002942,94011.4
9950,0.00002290,94020.5
9951,0.00002035,94029.5
9952,0.00002719,94038.6
9953,0.00016472,94047.8
9954,0.00004243,94056.8
9955,0.00008292,94065.9
9956,0.00003324,94075.0
9957,0.00010812,94084.2
9958,0.00005412,94093.3
9959,0.00002353,94102.4
9960,0.00005814,94111.5
9961,0.00005820,94120.6
9962,0.00013702,94129.7
9963,0.00003074,94138.8
9964,0.00006121,94147.9
9965,0.00002435,94157.0
9966,0.00002434,94166.1
9967,0.00018263,94175.2
9968,0.00008459,94184.2
9969,0.00006421,94193.3
9970,0.00007467,94202.4
9971,0.00006374,94211.5
9972,0.00008405,94220.6
9973,0.00003722,94229.7
9974,0.00005682,94238.9
9975,0.00003568,94247.9
9976,0.00006603,94257.0
9977,0.00014684,94266.1
9978,0.00003540,94275.2
9979,0.00007296,94284.3
9980,0.00006113,94293.4
9981,0.00004629,94302.5
9982,0.00018517,94311.6
9983,0.00008872,94320.7
9984,0.00002216,94329.8
9985,0.00002256,94338.8
9986,0.00003194,94347.9
9987,0.00003091,94357.0
9988,0.00026682,94366.1
9989,0.00003653,94375.2
9990,0.00003524,94384.3
9991,0.00006454,94393.4
9992,0.00004020,94402.5
9993,0.00003302,94411.5
9994,0.00003049,94420.6
9995,0.00011589,94429.7
9996,0.00004825,94438.8
9997,0.00008896,94447.9
9998,0.00017868,94457.0
9999,0.00003533,94466.1
10000,0.00002503,94475.2
